Engine Temperature (Â°C),Brake Pad Thickness (mm),Tire Pressure (PSI),Anomaly Indication,Maintenance Type Label,Component Replacement,Repair,Routine Maintenance,Adjusted_RUL
81.02239021,7.984017797,35.96454588,0,1,FALSE,TRUE,FALSE,69.97532119
98.07602856,10.71869215,32.14359304,1,2,FALSE,FALSE,TRUE,61.87818119
81.20596747,10.98307044,31.0586279,1,2,FALSE,FALSE,TRUE,70.20197002
86.08129363,7.045311036,28.539264,0,1,FALSE,TRUE,FALSE,65.5853304
93.49656806,9.948991125,33.59955954,1,0,TRUE,FALSE,FALSE,63.95122433
89.37134124,8.799711737,31.30900417,0,0,TRUE,FALSE,FALSE,65.09601491
96.49011118,6.349810454,32.35825162,1,2,FALSE,FALSE,TRUE,60.96651892
92.3144635,10.69672351,33.09971304,0,2,FALSE,FALSE,TRUE,64.94140026
80.73294547,10.90309206,31.84178927,0,0,TRUE,FALSE,FALSE,70.36312194
83.98229343,6.147723248,33.53667467,1,2,FALSE,FALSE,TRUE,67.37527752
80.99723971,9.011146386,37.14247544,0,1,FALSE,TRUE,FALSE,70.63433379
82.23076358,7.096161678,37.82225107,0,2,FALSE,FALSE,TRUE,69.4875331
81.74513596,10.41525166,36.38435416,1,2,FALSE,FALSE,TRUE,70.77040352
98.01655782,7.409704242,36.53729704,1,0,TRUE,FALSE,FALSE,61.26306219
98.87036588,9.924175474,29.74579912,0,1,FALSE,TRUE,FALSE,60.58364707
99.48415983,6.778730643,29.07674554,1,0,TRUE,FALSE,FALSE,58.78476145
84.05482499,9.520207377,29.51572488,1,2,FALSE,FALSE,TRUE,67.88381543
99.61511544,11.04137876,30.99108964,0,1,FALSE,TRUE,FALSE,60.90721171
85.97046211,9.077044394,34.87778965,1,0,TRUE,FALSE,FALSE,67.62114463
98.03537726,7.815089442,35.73373404,0,1,FALSE,TRUE,FALSE,61.35509395
98.71657267,8.5501812,34.78929544,0,2,FALSE,FALSE,TRUE,61.21964523
94.26276455,9.266300513,28.94491464,1,0,TRUE,FALSE,FALSE,62.36412086
91.84677616,8.447278024,35.14574526,0,0,TRUE,FALSE,FALSE,64.48467218
84.11712729,9.459858703,33.89876159,1,0,TRUE,FALSE,FALSE,68.50513215
95.26418723,6.044877787,31.20404946,0,0,TRUE,FALSE,FALSE,61.02666739
98.23004916,10.83725427,33.42608104,0,1,FALSE,TRUE,FALSE,62.00509334
85.38394566,11.55670822,35.63994472,0,1,FALSE,TRUE,FALSE,69.1586994
85.98749132,10.81267846,35.59756572,0,0,TRUE,FALSE,FALSE,68.45083887
94.89822863,7.705740437,37.63343302,1,2,FALSE,FALSE,TRUE,63.35986846
86.77316039,8.440052008,37.37019667,1,2,FALSE,FALSE,TRUE,67.66347994
91.68505802,10.96587753,35.67913579,1,0,TRUE,FALSE,FALSE,65.67964916
83.70822353,9.694945448,33.43562218,0,1,FALSE,TRUE,FALSE,68.81099085
89.21532968,7.194641672,35.3262774,0,0,TRUE,FALSE,FALSE,65.33544731
88.94862092,6.233126087,34.12373118,1,0,TRUE,FALSE,FALSE,64.84368621
86.12977167,10.23115706,30.1178394,1,1,FALSE,TRUE,FALSE,67.15114487
97.06974951,10.75432908,37.09493826,0,0,TRUE,FALSE,FALSE,63.18584453
84.72407809,6.801411146,32.77462847,1,0,TRUE,FALSE,FALSE,66.91345111
98.65203704,9.546707474,36.47442075,1,2,FALSE,FALSE,TRUE,61.98754862
82.79710034,10.86845195,37.77819279,0,0,TRUE,FALSE,FALSE,70.50446917
98.25971784,10.05711543,33.44744184,1,2,FALSE,FALSE,TRUE,61.78247562
88.91833057,6.759928026,35.2546932,0,0,TRUE,FALSE,FALSE,65.29574457
98.0389313,6.460438853,32.24631294,1,0,TRUE,FALSE,FALSE,60.01397248
85.19255567,8.200410613,32.40099996,1,0,TRUE,FALSE,FALSE,67.1640864
85.40656879,10.3816565,28.61013748,1,0,TRUE,FALSE,FALSE,67.1714057
91.81150043,8.391309661,34.34696274,1,2,FALSE,FALSE,TRUE,64.5201662
95.21084616,9.309213099,36.0670708,0,2,FALSE,FALSE,TRUE,63.53167632
93.20346964,8.182080544,30.3984648,0,1,FALSE,TRUE,FALSE,62.85079036
83.31192227,10.43581909,36.00644199,0,2,FALSE,FALSE,TRUE,69.9196549
86.68424018,11.96570411,32.46528216,0,0,TRUE,FALSE,FALSE,67.93721799
97.71524518,7.090890009,35.27901204,1,1,FALSE,TRUE,FALSE,61.13453582
92.68445673,10.13657237,29.78461782,1,2,FALSE,FALSE,TRUE,63.86932415
83.70047804,7.338055907,36.05749301,0,2,FALSE,FALSE,TRUE,68.49648194
95.42284249,9.690481889,33.62842541,0,0,TRUE,FALSE,FALSE,62.89045659
83.71718423,8.569810242,33.17254534,1,0,TRUE,FALSE,FALSE,68.20384105
96.21907966,10.16533374,34.1528495,1,0,TRUE,FALSE,FALSE,62.78716357
96.05814737,6.527890273,37.13092351,0,1,FALSE,TRUE,FALSE,62.10826713
82.69881239,6.168976918,37.64189835,1,1,FALSE,TRUE,FALSE,68.74656424
83.87257521,6.993082187,35.4749577,0,0,TRUE,FALSE,FALSE,67.95593681
93.8379566,10.09197719,35.56235101,0,1,FALSE,TRUE,FALSE,64.33028278
83.11567591,9.408899215,35.64054448,0,2,FALSE,FALSE,TRUE,69.53383063
82.63995961,6.987856014,36.60424562,1,2,FALSE,FALSE,TRUE,68.99601172
99.64934014,7.090758837,32.26229557,1,0,TRUE,FALSE,FALSE,59.46409258
99.52141884,11.53329368,36.53058182,0,1,FALSE,TRUE,FALSE,62.25872442
87.91106439,8.168550813,36.43441344,1,0,TRUE,FALSE,FALSE,66.59877082
85.65384183,6.676509992,33.4570399,0,0,TRUE,FALSE,FALSE,66.53509106
88.26032602,7.963570622,35.80533469,0,0,TRUE,FALSE,FALSE,66.21633218
90.55047746,11.24381536,32.93135795,1,0,TRUE,FALSE,FALSE,65.808559
80.86851574,9.013662824,36.86599297,0,2,FALSE,FALSE,TRUE,70.74440585
92.77363584,7.793850419,31.11960057,0,2,FALSE,FALSE,TRUE,63.15464236
84.25725011,6.945774463,32.7976321,1,0,TRUE,FALSE,FALSE,67.20921115
94.85176213,9.604582418,31.50117653,0,0,TRUE,FALSE,FALSE,62.71618721
96.2253281,10.52342009,29.67287791,0,0,TRUE,FALSE,FALSE,62.03127957
93.27578056,10.16401373,34.63894482,0,0,TRUE,FALSE,FALSE,64.35550418
96.78262196,10.63727087,29.08611245,1,0,TRUE,FALSE,FALSE,61.68081986
83.89695425,6.139486512,34.88138729,1,2,FALSE,FALSE,TRUE,67.68359494
91.15426002,6.518990374,32.54095585,1,1,FALSE,TRUE,FALSE,63.63865731
87.94888378,11.79329765,34.49681426,0,0,TRUE,FALSE,FALSE,67.64224002
95.97285696,6.65928407,30.52917107,0,1,FALSE,TRUE,FALSE,60.88311936
93.59465966,9.179896108,33.84729137,1,0,TRUE,FALSE,FALSE,63.64408689
83.10565735,6.992339716,32.06429833,0,0,TRUE,FALSE,FALSE,67.65696688
94.0455366,8.63703329,32.40035776,1,0,TRUE,FALSE,FALSE,62.91211657
86.27926057,7.295776531,28.70824145,0,0,TRUE,FALSE,FALSE,65.52032862
89.00252304,7.724053191,37.34409734,1,0,TRUE,FALSE,FALSE,66.05717922
84.97058352,6.609803476,34.74870381,0,0,TRUE,FALSE,FALSE,67.10837039
80.17559561,10.00057079,32.50112909,1,0,TRUE,FALSE,FALSE,70.41265633
82.34942948,8.589844452,36.16504,0,2,FALSE,FALSE,TRUE,69.69423104
99.17269059,7.050281057,30.47175342,0,0,TRUE,FALSE,FALSE,59.32811781
98.95697631,10.62326333,33.54634382,0,1,FALSE,TRUE,FALSE,61.58008594
81.20477811,9.078299918,28.08111853,0,1,FALSE,TRUE,FALSE,68.74515462
96.57597897,10.05334215,29.59174531,0,2,FALSE,FALSE,TRUE,61.85169644
87.14673454,6.875650092,30.51339237,0,1,FALSE,TRUE,FALSE,65.37957124
80.93809722,9.815518438,28.1641535,1,0,TRUE,FALSE,FALSE,69.08998947
89.66308478,9.523269668,32.13094276,0,1,FALSE,TRUE,FALSE,65.50395403
92.23844319,10.56173444,33.72363336,1,2,FALSE,FALSE,TRUE,65.05019885
86.56919048,8.674932005,37.61750103,1,2,FALSE,FALSE,TRUE,67.90887777
98.62904575,10.96279321,29.22284906,1,2,FALSE,FALSE,TRUE,61.11516422
93.15023649,8.692748804,31.5860669,1,0,TRUE,FALSE,FALSE,63.21919466
88.62287357,9.671937994,31.76075189,0,1,FALSE,TRUE,FALSE,66.00948879
82.23041398,9.739995244,36.1057287,0,0,TRUE,FALSE,FALSE,70.00193685
97.75503295,6.007337601,32.60643791,1,0,TRUE,FALSE,FALSE,60.04670615
92.51186961,7.009492827,37.51943677,1,2,FALSE,FALSE,TRUE,64.25174968
82.5567013,6.286233811,33.90153973,0,2,FALSE,FALSE,TRUE,68.21645082
83.22936019,6.460599005,37.8147668,0,2,FALSE,FALSE,TRUE,68.73251287
83.22821957,7.980327327,32.84152615,1,0,TRUE,FALSE,FALSE,68.14632638
97.67223668,11.70247216,28.93327319,1,1,FALSE,TRUE,FALSE,61.73152516
97.41702445,9.137376918,30.92026146,0,2,FALSE,FALSE,TRUE,61.33049083
88.88536019,6.118574564,35.85627018,1,1,FALSE,TRUE,FALSE,65.27600377
86.71202728,6.650723544,36.41878698,0,1,FALSE,TRUE,FALSE,66.68803317
87.7034466,7.586793908,30.0008137,1,0,TRUE,FALSE,FALSE,65.183157
82.43161032,9.49381196,37.66509442,0,1,FALSE,TRUE,FALSE,70.21473851
90.16828474,10.88281413,36.9400413,1,0,TRUE,FALSE,FALSE,66.65699154
81.51461688,9.182828872,36.44794669,1,1,FALSE,TRUE,FALSE,70.30541245
92.74376024,10.62098962,31.57503038,1,0,TRUE,FALSE,FALSE,64.1915218
91.75930796,8.764717987,28.00913153,1,1,FALSE,TRUE,FALSE,63.32805952
92.3241038,11.80738642,37.3506055,0,2,FALSE,FALSE,TRUE,66.23102377
86.69059711,9.700179932,29.17019717,0,0,TRUE,FALSE,FALSE,66.36881285
97.37151695,9.360411956,29.05099812,0,2,FALSE,FALSE,TRUE,61.06860593
81.68665116,6.058231278,37.15752035,1,2,FALSE,FALSE,TRUE,69.211471
80.44086248,6.305510789,31.59330292,0,0,TRUE,FALSE,FALSE,68.62043366
82.40684531,11.70184844,35.54729891,1,0,TRUE,FALSE,FALSE,70.5867765
97.72496992,8.018119957,28.18730116,1,1,FALSE,TRUE,FALSE,60.08222325
88.99101701,10.74028639,31.15971349,0,0,TRUE,FALSE,FALSE,66.03254875
83.35054382,6.261049483,37.51899629,1,2,FALSE,FALSE,TRUE,68.53294714
91.53422678,8.716002784,36.06602715,0,1,FALSE,TRUE,FALSE,65.03249315
87.16327723,6.133787877,31.23032571,1,1,FALSE,TRUE,FALSE,65.21794168
80.28025441,10.84477369,30.35789251,0,1,FALSE,TRUE,FALSE,70.36936077
80.24632085,9.403704832,37.64919549,0,0,TRUE,FALSE,FALSE,71.16816061
84.91475016,10.12869115,30.35589568,1,1,FALSE,TRUE,FALSE,67.76528052
81.67832764,9.011329036,36.08552386,1,1,FALSE,TRUE,FALSE,70.08247257
80.3160268,7.439745935,33.58930466,1,2,FALSE,FALSE,TRUE,69.73574591
94.29416027,11.42588607,30.83997504,0,2,FALSE,FALSE,TRUE,63.7912693
92.48026753,10.37246095,32.54420801,0,0,TRUE,FALSE,FALSE,64.41769222
97.85663506,6.735755734,33.55679145,1,2,FALSE,FALSE,TRUE,60.67734305
96.08908644,8.997050857,33.78619456,0,0,TRUE,FALSE,FALSE,62.31151603
83.76860305,7.885536337,35.37749258,0,2,FALSE,FALSE,TRUE,68.54541153
95.50445261,8.671628973,37.67398342,0,1,FALSE,TRUE,FALSE,63.35122197
85.00999257,8.450333724,31.10870773,0,0,TRUE,FALSE,FALSE,67.09687875
88.92377691,8.798406156,29.23777977,0,2,FALSE,FALSE,TRUE,65.10502996
99.90518355,11.5863479,31.29183462,1,0,TRUE,FALSE,FALSE,60.94031431
88.72421524,10.35369634,35.04543355,1,0,TRUE,FALSE,FALSE,66.78845763
90.08615183,11.26284954,31.39017066,0,1,FALSE,TRUE,FALSE,65.84009803
84.53620763,11.64677182,29.21479154,1,1,FALSE,TRUE,FALSE,68.33356322
90.22558171,8.437567019,37.43367475,0,2,FALSE,FALSE,TRUE,65.9489709
96.39458305,10.64174245,35.12585593,0,1,FALSE,TRUE,FALSE,63.18457664
89.07647969,9.506909884,35.16152605,0,0,TRUE,FALSE,FALSE,66.29682932
92.88924938,7.023967005,35.77086739,0,2,FALSE,FALSE,TRUE,63.71913559
98.44264884,8.60596275,31.32167451,1,0,TRUE,FALSE,FALSE,60.48539558
80.61976745,9.479265359,37.86598131,1,1,FALSE,TRUE,FALSE,71.15501868
90.15745796,10.85974364,35.82791722,1,1,FALSE,TRUE,FALSE,66.53075192
86.92360317,7.562416788,30.70856807,1,0,TRUE,FALSE,FALSE,65.70487874
93.52735351,9.16096993,32.99980059,1,2,FALSE,FALSE,TRUE,63.70067134
92.15060512,7.095513616,35.62381068,1,0,TRUE,FALSE,FALSE,63.88766502
99.37011218,6.31676627,34.3206857,0,0,TRUE,FALSE,FALSE,59.70578756
82.92947507,6.417286018,36.24792719,0,0,TRUE,FALSE,FALSE,68.35176231
89.89090106,9.02504514,35.73165259,0,1,FALSE,TRUE,FALSE,65.91089804
93.25432803,8.326710162,33.21810121,0,1,FALSE,TRUE,FALSE,63.44714029
93.52698867,11.04302295,30.45518195,1,0,TRUE,FALSE,FALSE,63.74475124
83.29117445,11.67069134,31.42123767,1,2,FALSE,FALSE,TRUE,69.50693685
84.65890953,10.96322408,35.62829395,0,0,TRUE,FALSE,FALSE,69.18149366
92.00753696,8.330146942,34.2392655,1,2,FALSE,FALSE,TRUE,64.3761434
89.53284674,8.092914429,31.83760585,1,1,FALSE,TRUE,FALSE,64.93826357
93.9883356,10.47884749,32.59778966,1,1,FALSE,TRUE,FALSE,63.81692913
94.41425669,7.121851838,31.42107364,0,1,FALSE,TRUE,FALSE,62.02582712
99.0128138,9.387796422,30.33750151,0,1,FALSE,TRUE,FALSE,60.41621197
98.61864751,6.395192512,32.10204733,0,0,TRUE,FALSE,FALSE,59.66916272
86.03215004,7.450340192,31.56655586,0,2,FALSE,FALSE,TRUE,66.47737223
89.70557774,9.519297332,33.22233107,0,1,FALSE,TRUE,FALSE,65.69939628
85.62154542,10.08865898,33.58996843,1,1,FALSE,TRUE,FALSE,68.04268457
93.81388877,9.28156607,29.36472162,1,1,FALSE,TRUE,FALSE,62.77862637
80.39733564,8.54970348,32.50870356,0,2,FALSE,FALSE,TRUE,69.92295428
87.08135868,11.09604018,36.68883088,0,0,TRUE,FALSE,FALSE,68.23550291
84.85024235,6.174240697,28.88172846,1,0,TRUE,FALSE,FALSE,65.8209208
97.53175736,10.64243664,33.59208925,1,1,FALSE,TRUE,FALSE,62.30951383
95.67971217,9.541963306,32.64286729,1,1,FALSE,TRUE,FALSE,62.6055027
94.75844694,8.446952924,37.96969161,0,2,FALSE,FALSE,TRUE,63.79349602
82.84652429,10.48394303,36.81492438,0,1,FALSE,TRUE,FALSE,70.23329994
88.09603918,9.079537718,28.76200122,1,0,TRUE,FALSE,FALSE,65.33619574
93.62253707,8.293665552,29.24082578,0,0,TRUE,FALSE,FALSE,62.35436284
81.31375809,8.574498397,29.92242491,0,0,TRUE,FALSE,FALSE,68.7574053
87.54580184,6.634572528,30.63999543,1,2,FALSE,FALSE,TRUE,65.20892718
91.31723498,8.679169297,33.11341732,1,0,TRUE,FALSE,FALSE,64.43573369
81.96600899,10.66808208,31.35119064,0,0,TRUE,FALSE,FALSE,69.55446646
92.04786297,9.23675403,35.33476781,0,2,FALSE,FALSE,TRUE,64.93772369
93.7037055,6.118547182,31.06802367,0,1,FALSE,TRUE,FALSE,61.90917086
89.61118067,6.79423505,35.7656563,0,2,FALSE,FALSE,TRUE,65.26523495
82.13324948,11.51576443,37.35027688,0,1,FALSE,TRUE,FALSE,71.10973641
89.60366156,9.734926973,29.5301949,1,1,FALSE,TRUE,FALSE,65.09817899
84.51752741,11.01032492,30.85672936,1,2,FALSE,FALSE,TRUE,68.51671214
99.3863201,10.83551948,33.14082942,1,0,TRUE,FALSE,FALSE,61.26921363
86.79622527,10.7471128,31.40543366,0,0,TRUE,FALSE,FALSE,67.18181922
85.33041778,11.41382263,35.28550643,0,1,FALSE,TRUE,FALSE,69.05742145
96.23430638,7.264879096,34.32322596,1,2,FALSE,FALSE,TRUE,61.85344364
96.20249493,6.677813731,37.26987135,1,0,TRUE,FALSE,FALSE,62.0238523
84.15553478,8.331023196,35.9162017,0,0,TRUE,FALSE,FALSE,68.43788223
85.11641135,11.73222341,32.60614469,0,2,FALSE,FALSE,TRUE,68.85591263
94.14978327,6.993430996,34.90321451,1,2,FALSE,FALSE,TRUE,62.90312367
94.58015886,10.15584658,35.9677294,1,0,TRUE,FALSE,FALSE,63.96580508
95.74401471,10.29070222,36.44678391,0,1,FALSE,TRUE,FALSE,63.63363032
97.79935686,9.805481786,32.64595408,0,0,TRUE,FALSE,FALSE,61.5517051
88.17401135,8.390794978,32.15326501,1,0,TRUE,FALSE,FALSE,65.69996532
81.10371477,9.183079346,33.28222827,1,0,TRUE,FALSE,FALSE,69.77782001
86.74562683,10.2295491,28.42969108,1,2,FALSE,FALSE,TRUE,66.60494444
84.5353331,7.375831001,32.72828417,1,0,TRUE,FALSE,FALSE,67.22832268
93.4535163,8.512808505,37.53782156,1,1,FALSE,TRUE,FALSE,64.28592956
94.27929629,11.65274799,35.3854753,1,0,TRUE,FALSE,FALSE,64.59854611
90.65255116,10.38093099,33.22178983,1,0,TRUE,FALSE,FALSE,65.47045478
99.87828371,9.783236305,31.26577524,1,0,TRUE,FALSE,FALSE,60.22730771
96.93469469,9.742665531,30.40964845,1,0,TRUE,FALSE,FALSE,61.51164856
96.75868504,11.25440692,36.1607644,0,0,TRUE,FALSE,FALSE,63.35457313
88.15857179,11.23072739,32.61066312,1,1,FALSE,TRUE,FALSE,67.03513769
87.83773237,11.0863068,30.84682274,0,0,TRUE,FALSE,FALSE,66.68502108
84.23288573,9.400079381,32.38377999,1,1,FALSE,TRUE,FALSE,68.22034489
99.62304982,10.91233894,31.7793244,1,0,TRUE,FALSE,FALSE,60.90927555
89.08083506,11.48744459,29.94560386,0,1,FALSE,TRUE,FALSE,66.14368108
80.77289573,11.60667722,36.30407236,1,0,TRUE,FALSE,FALSE,71.5170375
90.10467232,11.44941922,37.03134448,0,0,TRUE,FALSE,FALSE,66.93370042
90.92211611,8.977329745,31.93876943,1,0,TRUE,FALSE,FALSE,64.51762773
83.34475773,11.36142316,33.85244191,0,0,TRUE,FALSE,FALSE,69.64267878
92.82737922,7.241732439,36.23340842,0,2,FALSE,FALSE,TRUE,63.92968505
92.2883774,9.450110208,29.91777883,1,1,FALSE,TRUE,FALSE,63.71941115
80.34601826,7.506879627,31.70436922,1,1,FALSE,TRUE,FALSE,69.27061656
82.68299294,6.810060022,33.27021479,0,1,FALSE,TRUE,FALSE,68.1365705
92.26668121,10.96325069,28.95704672,0,0,TRUE,FALSE,FALSE,64.04336902
85.64532329,11.88086922,37.27318619,1,1,FALSE,TRUE,FALSE,69.48432328
83.76000226,7.354725712,31.23509461,1,2,FALSE,FALSE,TRUE,67.50890808
82.68010858,6.397592311,34.42773222,1,2,FALSE,FALSE,TRUE,68.30452908
84.07372251,7.14334611,32.76836948,1,1,FALSE,TRUE,FALSE,67.47415109
90.56094016,9.256073024,36.10217575,1,2,FALSE,FALSE,TRUE,65.84239428
96.75737307,9.169004659,37.77252289,1,2,FALSE,FALSE,TRUE,63.04341991
95.41753293,6.440473961,29.4074574,1,2,FALSE,FALSE,TRUE,60.9489146
90.48246408,9.256448782,34.42218683,0,1,FALSE,TRUE,FALSE,65.44578484
86.13058412,8.463268984,36.46170911,0,1,FALSE,TRUE,FALSE,67.71235736
99.6834776,8.57003263,34.49255516,1,1,FALSE,TRUE,FALSE,60.58478528
86.0418149,9.948998301,31.69256804,0,1,FALSE,TRUE,FALSE,67.39720548
95.33402561,10.18002585,36.55221502,0,1,FALSE,TRUE,FALSE,63.81544054
92.81729776,7.527338691,33.78323301,1,0,TRUE,FALSE,FALSE,63.3589332
84.93191777,7.651342086,37.96236843,0,2,FALSE,FALSE,TRUE,68.38705164
85.73871008,9.169542003,35.21752524,1,2,FALSE,FALSE,TRUE,68.04196681
97.31657156,10.89140606,30.98263281,1,2,FALSE,FALSE,TRUE,62.09480321
95.79149168,8.887868849,33.5499605,0,2,FALSE,FALSE,TRUE,62.5693938
86.28638381,6.039206531,30.49757626,1,0,TRUE,FALSE,FALSE,65.37200596
93.75829386,6.160551046,32.31944052,0,2,FALSE,FALSE,TRUE,62.24896159
91.9986009,9.625446628,30.90569817,1,1,FALSE,TRUE,FALSE,64.13201784
81.51136612,11.47457486,33.78802092,0,1,FALSE,TRUE,FALSE,70.69175107
89.440609,7.325458362,36.20090096,0,0,TRUE,FALSE,FALSE,65.45005904
80.55719261,11.78635055,29.98342522,1,1,FALSE,TRUE,FALSE,70.53262896
92.22899553,8.231975147,37.96177061,1,0,TRUE,FALSE,FALSE,64.77064642
92.54532778,10.95246311,31.5936384,0,0,TRUE,FALSE,FALSE,64.42704903
94.27354541,9.944978436,29.39558029,0,0,TRUE,FALSE,FALSE,62.72033473
86.03746641,6.506503882,33.16595825,1,2,FALSE,FALSE,TRUE,66.41706
89.51036384,9.8226041,37.12595342,1,2,FALSE,FALSE,TRUE,66.7990504
97.56890418,8.517109397,29.2756716,1,2,FALSE,FALSE,TRUE,60.67752599
84.78240153,9.017254505,35.33102219,0,1,FALSE,TRUE,FALSE,68.38190548
87.10484084,9.876025572,30.38996481,0,2,FALSE,FALSE,TRUE,66.67598277
86.20203263,9.04014419,37.40169436,0,0,TRUE,FALSE,FALSE,67.99538023
99.64495445,10.96240112,28.90302268,0,1,FALSE,TRUE,FALSE,60.44308776
90.81889477,6.721557192,32.57006354,0,0,TRUE,FALSE,FALSE,63.7931882
90.25940998,11.90162701,28.52700141,0,0,TRUE,FALSE,FALSE,65.3363461
98.14516129,11.69164862,32.99936262,1,2,FALSE,FALSE,TRUE,62.40395133
96.69428845,10.93759692,33.96982144,0,0,TRUE,FALSE,FALSE,62.82185883
99.88293681,8.287825311,30.58703769,0,1,FALSE,TRUE,FALSE,59.59106926
80.38472493,10.44069262,31.08217979,1,0,TRUE,FALSE,FALSE,70.20035054
84.57969375,11.85920198,28.57159317,0,0,TRUE,FALSE,FALSE,68.16815255
87.2949962,6.70822836,35.7957683,0,2,FALSE,FALSE,TRUE,66.3949469
96.90673603,8.249108904,31.64972426,1,1,FALSE,TRUE,FALSE,61.2762204
84.59526816,10.08107019,35.37715126,0,1,FALSE,TRUE,FALSE,68.91022425
93.72983172,10.78013428,33.55605276,0,1,FALSE,TRUE,FALSE,64.2583484
95.82855922,6.328361449,28.3948283,0,1,FALSE,TRUE,FALSE,60.39603063
91.00120504,10.73795694,34.44867023,0,2,FALSE,FALSE,TRUE,65.8843143
91.18967761,10.43274784,28.80075739,1,0,TRUE,FALSE,FALSE,64.33841181
81.5835364,8.878096219,36.28992428,0,1,FALSE,TRUE,FALSE,70.11745514
82.51397419,10.45130042,31.62091575,1,1,FALSE,TRUE,FALSE,69.34771622
83.7495231,7.194806864,35.12802739,1,0,TRUE,FALSE,FALSE,68.02876667
88.26571415,11.76778045,28.14787152,1,1,FALSE,TRUE,FALSE,66.30382941
81.30649589,6.839911136,36.94145129,1,0,TRUE,FALSE,FALSE,69.47100677
95.41496317,8.053107305,31.82507599,0,1,FALSE,TRUE,FALSE,61.97877654
97.6598382,7.711858957,31.111536,0,0,TRUE,FALSE,FALSE,60.47713168
82.2628364,7.659663224,31.43021056,1,2,FALSE,FALSE,TRUE,68.4184892
98.86078899,11.84969566,30.78441251,1,0,TRUE,FALSE,FALSE,61.46636627
93.22104194,9.246285374,37.59154308,0,2,FALSE,FALSE,TRUE,64.8063018
83.669018,11.88823499,28.01873933,1,1,FALSE,TRUE,FALSE,68.62453286
83.04839202,8.960818893,29.36260093,1,2,FALSE,FALSE,TRUE,68.13265173
95.68092358,9.626965969,31.78001629,0,0,TRUE,FALSE,FALSE,62.36632786
90.86180472,9.459691469,32.95056084,1,0,TRUE,FALSE,FALSE,64.9430864
83.82251455,11.99400573,29.00983569,0,2,FALSE,FALSE,TRUE,68.88831216
95.97639423,6.465054409,28.66865399,1,2,FALSE,FALSE,TRUE,60.53155545
96.96817829,6.603905619,36.26351856,0,2,FALSE,FALSE,TRUE,61.61017681
81.57989271,7.970729443,28.49644336,1,0,TRUE,FALSE,FALSE,68.09763409
98.72365366,8.610257897,32.29504393,1,2,FALSE,FALSE,TRUE,60.74128511
89.463464,6.7967919,31.54146505,1,2,FALSE,FALSE,TRUE,64.49527777
84.54419706,8.377644575,28.10951414,1,0,TRUE,FALSE,FALSE,66.70086213
82.70226394,7.250827,35.64099411,0,1,FALSE,TRUE,FALSE,68.77739765
90.635046,7.427921148,37.95223045,1,2,FALSE,FALSE,TRUE,65.44409155
81.64125351,11.14162848,28.95380171,0,0,TRUE,FALSE,FALSE,69.42678498
92.15127486,9.183136102,34.82518417,1,2,FALSE,FALSE,TRUE,64.76265384
81.68278482,10.02090221,31.59288492,1,1,FALSE,TRUE,FALSE,69.58554546
93.18168382,10.18428732,34.99167229,1,2,FALSE,FALSE,TRUE,64.68120748
84.87454439,7.396332345,37.25578086,0,2,FALSE,FALSE,TRUE,68.17241692
94.01766846,10.32183809,33.04646788,1,0,TRUE,FALSE,FALSE,63.72919458
94.07480464,7.451144319,31.24076406,1,2,FALSE,FALSE,TRUE,62.39120822
92.2174327,8.18763108,33.86420157,1,1,FALSE,TRUE,FALSE,64.0391764
94.67757865,6.948316453,37.8830229,1,2,FALSE,FALSE,TRUE,63.21714184
80.63833739,7.335809215,31.57799384,1,1,FALSE,TRUE,FALSE,69.03075376
88.72634568,9.945751298,31.80205086,0,1,FALSE,TRUE,FALSE,66.07553785
91.73152706,10.14539742,35.38233674,0,1,FALSE,TRUE,FALSE,65.36886279
94.81967369,9.921817892,35.75666917,0,0,TRUE,FALSE,FALSE,63.71022415
87.2977344,11.43124515,32.99066871,0,2,FALSE,FALSE,TRUE,67.7217646
99.90279925,6.831218938,32.04633031,1,2,FALSE,FALSE,TRUE,59.39035401
93.86643336,7.442979679,30.13763541,1,1,FALSE,TRUE,FALSE,62.17150227
94.04997159,6.131270649,34.04049517,0,2,FALSE,FALSE,TRUE,62.4356215
99.52072842,8.007859155,36.5546586,1,2,FALSE,FALSE,TRUE,60.95371117
95.12150297,9.235838068,29.18117589,0,1,FALSE,TRUE,FALSE,62.06981892
94.21892471,6.960542068,33.28321223,1,2,FALSE,FALSE,TRUE,62.53139692
95.92207265,6.781362723,36.25403797,0,2,FALSE,FALSE,TRUE,62.20231636
99.83772171,6.956406681,35.33085748,1,1,FALSE,TRUE,FALSE,60.02987331
97.90261413,8.043519974,30.55096004,1,2,FALSE,FALSE,TRUE,60.57629293
88.12544489,8.082282442,37.34064819,0,2,FALSE,FALSE,TRUE,66.83832017
93.15854387,6.318741433,33.92160878,1,2,FALSE,FALSE,TRUE,62.93254639
80.08490245,8.998909485,33.6311633,0,2,FALSE,FALSE,TRUE,70.48334523
82.65339159,9.458645718,36.16407483,0,1,FALSE,TRUE,FALSE,69.78957746
83.21481138,7.951883654,32.76998255,1,2,FALSE,FALSE,TRUE,68.32734428
87.67264513,8.887827079,37.43637633,1,1,FALSE,TRUE,FALSE,67.30608353
81.40573913,9.454387467,36.14801417,0,2,FALSE,FALSE,TRUE,70.50848826
95.39984478,11.26817623,37.99270984,1,2,FALSE,FALSE,TRUE,64.60589007
88.37308808,10.20713298,31.72798611,0,1,FALSE,TRUE,FALSE,66.34190637
93.29552064,10.86064811,32.57304397,1,2,FALSE,FALSE,TRUE,64.41110772
83.42549744,8.887071946,33.49962825,0,0,TRUE,FALSE,FALSE,68.54200571
82.90054787,8.897988458,35.0666858,0,1,FALSE,TRUE,FALSE,69.22225861
82.118729,9.632618597,28.53203279,1,1,FALSE,TRUE,FALSE,68.6000895
81.9759509,7.557538612,37.55258371,0,2,FALSE,FALSE,TRUE,69.74555674
94.3794195,11.02255174,36.29879897,1,0,TRUE,FALSE,FALSE,64.47907074
81.22362612,8.524611155,33.80246465,0,0,TRUE,FALSE,FALSE,69.55852433
88.70816485,8.605454491,36.54054846,1,2,FALSE,FALSE,TRUE,66.59620906
89.54107974,8.437780799,35.81058247,0,2,FALSE,FALSE,TRUE,65.96668894
82.65313122,11.58818584,36.31331029,0,0,TRUE,FALSE,FALSE,70.57137078
87.26543568,6.499399029,31.23756253,0,1,FALSE,TRUE,FALSE,65.31455428
87.19116502,7.316398751,34.12501188,0,2,FALSE,FALSE,TRUE,66.35597937
92.94682506,9.726914801,32.8870355,0,2,FALSE,FALSE,TRUE,64.19476049
98.81583008,7.569401102,37.89709619,1,2,FALSE,FALSE,TRUE,61.39926464
91.60552973,7.985006018,35.09784291,1,2,FALSE,FALSE,TRUE,64.61080612
94.29525369,10.90024058,37.06715528,1,2,FALSE,FALSE,TRUE,64.82590044
88.25451149,7.877146244,30.25535054,0,2,FALSE,FALSE,TRUE,65.27467286
97.60576491,8.034340349,29.12256458,0,2,FALSE,FALSE,TRUE,60.4353666
88.78593001,9.173699594,32.05871865,0,0,TRUE,FALSE,FALSE,65.68825856
83.98470508,8.838583774,29.29572319,0,2,FALSE,FALSE,TRUE,67.60222561
87.36742093,9.154496225,31.3992844,0,0,TRUE,FALSE,FALSE,66.25794491
91.06169372,10.49169535,32.08060495,1,2,FALSE,FALSE,TRUE,65.28195227
99.46697522,9.925852208,30.21017971,1,0,TRUE,FALSE,FALSE,60.27888922
98.66526829,7.223636652,35.49562939,1,0,TRUE,FALSE,FALSE,60.65594639
89.92704386,7.953667033,29.05876632,1,2,FALSE,FALSE,TRUE,64.22969815
85.56742859,8.074130554,31.10678892,0,1,FALSE,TRUE,FALSE,66.76729571
81.94047742,8.031522658,33.63019253,0,2,FALSE,FALSE,TRUE,69.16840886
86.52011197,7.051426925,36.74677557,1,0,TRUE,FALSE,FALSE,66.9098699
85.06116312,9.910129008,34.87465829,0,2,FALSE,FALSE,TRUE,68.6084017
84.01504395,11.04824877,33.43412112,0,1,FALSE,TRUE,FALSE,69.19860176
88.57894116,6.279514497,29.16994316,1,0,TRUE,FALSE,FALSE,64.05632385
93.11638871,6.102300173,37.64256691,1,1,FALSE,TRUE,FALSE,63.5112391
83.10305588,6.434359593,37.96546332,0,1,FALSE,TRUE,FALSE,68.71530856
90.87422407,10.5973407,32.61391926,1,2,FALSE,FALSE,TRUE,65.5246081
97.4958021,7.109561952,36.12902522,0,2,FALSE,FALSE,TRUE,61.52172877
81.511255,11.52282571,35.8892061,0,1,FALSE,TRUE,FALSE,71.131344
84.63845726,7.947597042,33.5034547,0,1,FALSE,TRUE,FALSE,67.66050113
94.93348926,10.08915,37.49804309,1,1,FALSE,TRUE,FALSE,64.16852399
98.35058595,7.110766173,31.95764876,1,1,FALSE,TRUE,FALSE,60.16054325
91.39766951,7.750599892,31.58965679,1,2,FALSE,FALSE,TRUE,63.91933656
93.72870518,8.297205814,32.30164831,1,2,FALSE,FALSE,TRUE,63.1148594
83.65393053,7.512081799,36.77605003,0,0,TRUE,FALSE,FALSE,68.53307746
90.8666979,11.93975483,31.39858782,0,1,FALSE,TRUE,FALSE,65.72227055
99.96694769,11.49238907,35.17217041,1,2,FALSE,FALSE,TRUE,61.84791587
99.45163182,7.403142262,36.02200222,1,2,FALSE,FALSE,TRUE,60.63984144
87.74539816,6.71103828,33.88790641,0,2,FALSE,FALSE,TRUE,65.78929751
99.75272588,6.159556254,34.71768238,0,0,TRUE,FALSE,FALSE,59.53099604
87.35755895,9.62618002,33.85547778,0,1,FALSE,TRUE,FALSE,67.04278809
97.7094789,10.50456228,30.44004215,1,1,FALSE,TRUE,FALSE,61.53509389
95.48240251,6.516507059,34.60577466,1,1,FALSE,TRUE,FALSE,61.8865565
81.37344617,10.39239704,33.98869761,0,0,TRUE,FALSE,FALSE,70.26797525
80.14211167,9.578263061,30.90882215,0,1,FALSE,TRUE,FALSE,70.04201382
96.24872074,6.426783491,28.90984936,1,0,TRUE,FALSE,FALSE,60.2283229
81.95184037,6.033113107,34.61050975,0,0,TRUE,FALSE,FALSE,68.35942701
88.56378256,11.9890548,37.13191146,0,2,FALSE,FALSE,TRUE,68.14011293
83.66622798,11.87161342,28.03358457,1,2,FALSE,FALSE,TRUE,68.72224829
87.02282453,10.48673825,32.84413838,1,2,FALSE,FALSE,TRUE,67.45211071
91.49999307,11.73452551,32.05843386,1,1,FALSE,TRUE,FALSE,65.45550044
92.63215353,8.847901913,29.72179229,1,0,TRUE,FALSE,FALSE,63.16744246
97.38331452,9.611128331,29.71553431,0,1,FALSE,TRUE,FALSE,61.19590093
96.09339694,10.19105399,33.68538095,0,2,FALSE,FALSE,TRUE,62.96679932
81.02313716,10.70911536,29.30315586,0,1,FALSE,TRUE,FALSE,69.73270874
83.87502595,11.02088418,31.96079448,1,2,FALSE,FALSE,TRUE,69.06299959
97.71621004,10.16018099,34.41673213,0,1,FALSE,TRUE,FALSE,62.1893138
97.43850891,7.102484103,28.14284245,0,1,FALSE,TRUE,FALSE,59.85030768
82.80032115,11.60265104,32.1286099,0,2,FALSE,FALSE,TRUE,69.86662182
89.31798007,6.504634187,32.40587695,1,0,TRUE,FALSE,FALSE,64.42403903
84.11732815,7.697457649,31.00357959,1,1,FALSE,TRUE,FALSE,67.3210349
98.78976165,10.04169924,31.38004061,0,0,TRUE,FALSE,FALSE,60.89780699
86.62468449,11.32288157,34.37670319,1,1,FALSE,TRUE,FALSE,68.19215102
89.82223093,9.233203898,30.47652841,0,1,FALSE,TRUE,FALSE,64.97747178
81.47133991,8.109993782,35.02467572,0,0,TRUE,FALSE,FALSE,69.5132627
87.01099564,11.90717969,29.17648669,0,2,FALSE,FALSE,TRUE,67.29267139
91.2247789,6.297973853,34.56137232,0,0,TRUE,FALSE,FALSE,63.81907456
87.70013064,10.01395873,33.74407741,1,1,FALSE,TRUE,FALSE,67.00433365
81.65918007,6.758151968,36.23661394,0,1,FALSE,TRUE,FALSE,69.22099354
85.03128506,10.78282347,34.64011965,1,0,TRUE,FALSE,FALSE,68.72551079
95.57372114,9.075864122,28.36586185,0,1,FALSE,TRUE,FALSE,61.61665745
98.14609649,9.999236127,28.59521948,0,0,TRUE,FALSE,FALSE,60.6456901
86.26227649,11.51500522,36.80714552,0,2,FALSE,FALSE,TRUE,69.03629295
91.17643313,7.233909072,28.83919259,1,1,FALSE,TRUE,FALSE,63.17318558
88.44471101,8.609972736,36.7393493,0,1,FALSE,TRUE,FALSE,66.66950345
83.13711879,9.527959655,31.69657917,0,1,FALSE,TRUE,FALSE,68.6819403
80.79293405,7.451585479,36.0502891,1,2,FALSE,FALSE,TRUE,69.99422499
80.50581662,8.432986207,31.70438955,0,1,FALSE,TRUE,FALSE,69.56116408
98.29214847,10.73436931,35.15296468,1,1,FALSE,TRUE,FALSE,62.27826643
99.23052629,6.669485113,32.7239732,0,0,TRUE,FALSE,FALSE,59.59732554
97.75942702,9.640472713,34.55049594,1,0,TRUE,FALSE,FALSE,61.88657476
84.60803364,10.40162551,37.90418936,0,0,TRUE,FALSE,FALSE,69.43747126
94.45480464,9.385221406,37.4303222,0,0,TRUE,FALSE,FALSE,64.01275068
85.79384935,11.98741348,34.63316451,0,1,FALSE,TRUE,FALSE,68.92467362
83.07062949,9.636721269,28.89561682,0,2,FALSE,FALSE,TRUE,68.29849713
91.6097737,6.920958313,30.45255821,0,2,FALSE,FALSE,TRUE,63.25400812
88.1076788,8.063434323,28.74507677,1,0,TRUE,FALSE,FALSE,64.92054968
97.48185935,9.053069369,30.21820603,1,2,FALSE,FALSE,TRUE,61.12393928
88.84116474,9.009096083,31.19124164,1,2,FALSE,FALSE,TRUE,65.62130439
80.65638571,8.960601105,31.60835369,1,2,FALSE,FALSE,TRUE,69.77771833
85.66912314,10.78366851,37.1844771,0,0,TRUE,FALSE,FALSE,68.91580125
91.44320269,8.856643501,34.78366046,1,2,FALSE,FALSE,TRUE,64.97778815
85.89229116,6.73787359,35.99350865,0,0,TRUE,FALSE,FALSE,66.94770559
90.6387248,9.75091615,33.08383069,0,1,FALSE,TRUE,FALSE,65.2977702
90.53079139,10.17456078,37.9920301,0,0,TRUE,FALSE,FALSE,66.40283464
83.60614837,8.97914117,28.51820376,0,2,FALSE,FALSE,TRUE,67.69222304
98.35977858,8.399694851,31.0840766,1,2,FALSE,FALSE,TRUE,60.59680397
91.45447508,10.37207717,34.80667851,0,0,TRUE,FALSE,FALSE,65.38292903
85.73797445,7.933844942,34.2987122,0,0,TRUE,FALSE,FALSE,67.16429319
92.51972508,6.377434799,33.24097352,0,2,FALSE,FALSE,TRUE,63.13930608
80.59828592,6.100616247,34.17799899,0,2,FALSE,FALSE,TRUE,69.17670334
98.11331909,10.52243747,33.101437,1,0,TRUE,FALSE,FALSE,61.77260284
98.02034087,9.019961399,28.45127844,0,2,FALSE,FALSE,TRUE,60.48806981
86.71733828,10.87121576,29.07013001,0,2,FALSE,FALSE,TRUE,67.00384317
87.64123801,6.838343149,33.60985271,1,1,FALSE,TRUE,FALSE,65.7366888
97.40453134,6.609836806,34.22271271,1,1,FALSE,TRUE,FALSE,60.88621159
95.24798076,6.944089334,32.32339911,1,2,FALSE,FALSE,TRUE,61.81832518
97.68450673,10.69408914,34.17512884,0,1,FALSE,TRUE,FALSE,62.37040806
92.60870212,10.34200359,30.18629738,0,2,FALSE,FALSE,TRUE,64.06970985
95.64833221,6.985232645,36.38218816,1,0,TRUE,FALSE,FALSE,62.24636458
93.86615227,6.989268399,31.79752223,0,0,TRUE,FALSE,FALSE,62.22213567
98.76295417,7.597390648,28.07921956,0,2,FALSE,FALSE,TRUE,59.47332309
97.03573762,6.647293875,34.46852383,0,1,FALSE,TRUE,FALSE,61.13475351
90.94599575,8.460390168,31.56803779,1,0,TRUE,FALSE,FALSE,64.22476575
91.88538106,9.53927819,34.62402989,1,2,FALSE,FALSE,TRUE,64.99782672
82.03535699,11.6271028,31.10167404,1,0,TRUE,FALSE,FALSE,69.85349743
82.06618183,9.25582509,35.91080678,1,0,TRUE,FALSE,FALSE,69.85140048
89.89753508,7.521712151,31.35540902,0,0,TRUE,FALSE,FALSE,64.33099912
94.28335881,9.758608588,28.88983836,1,0,TRUE,FALSE,FALSE,62.5397317
84.12716496,6.874066811,31.30593343,1,1,FALSE,TRUE,FALSE,67.04723093
83.38130272,9.77534429,32.62266959,0,1,FALSE,TRUE,FALSE,68.84402027
83.37929617,11.83012191,31.78543916,1,2,FALSE,FALSE,TRUE,69.59948851
85.4466358,8.918608717,34.73794258,1,0,TRUE,FALSE,FALSE,67.7917141
80.1302905,11.68931733,28.63695575,1,0,TRUE,FALSE,FALSE,70.33797283
87.00569343,9.391612171,32.28564255,1,1,FALSE,TRUE,FALSE,66.81092666
93.75822724,10.44659591,30.15736431,1,1,FALSE,TRUE,FALSE,63.43099761
91.66485034,9.041378762,37.61321228,1,1,FALSE,TRUE,FALSE,65.40676879
97.08339283,9.960892778,29.21853392,0,1,FALSE,TRUE,FALSE,61.38636748
94.48277647,10.29640472,30.88485883,1,2,FALSE,FALSE,TRUE,63.25414542
80.93524965,9.0932747,37.62120859,1,0,TRUE,FALSE,FALSE,70.69392677
93.76959444,6.446039989,37.67599269,1,2,FALSE,FALSE,TRUE,63.42881731
94.41742372,8.690951251,32.94484511,0,0,TRUE,FALSE,FALSE,62.85663766
81.24418018,11.8195705,29.98840489,1,2,FALSE,FALSE,TRUE,70.30341909
94.07684643,7.680006914,32.3605084,0,0,TRUE,FALSE,FALSE,62.50568123
82.45896172,8.993709309,37.26272793,1,2,FALSE,FALSE,TRUE,70.02054845
81.93234591,9.789529855,32.25139544,1,0,TRUE,FALSE,FALSE,69.39991808
97.69288425,6.985048595,32.50701258,1,2,FALSE,FALSE,TRUE,60.64897983
94.01458146,9.835898366,34.924497,0,0,TRUE,FALSE,FALSE,63.91196802
94.10191208,6.082207389,30.18765154,1,0,TRUE,FALSE,FALSE,61.41945722
92.16437258,7.24415761,28.17413909,1,2,FALSE,FALSE,TRUE,62.65030457
88.6660868,6.685463058,31.68778474,1,2,FALSE,FALSE,TRUE,64.87869877
94.64677923,11.60731316,35.75324464,1,0,TRUE,FALSE,FALSE,64.47018458
80.20099253,6.216563471,35.96065709,0,0,TRUE,FALSE,FALSE,69.57826054
96.08282282,7.914278012,35.96711494,0,2,FALSE,FALSE,TRUE,62.51772278
96.23654564,6.886970386,36.67639714,0,1,FALSE,TRUE,FALSE,62.07179476
89.92310478,9.646683246,33.40926421,0,2,FALSE,FALSE,TRUE,65.77897375
94.05901051,7.35278251,32.77086679,0,0,TRUE,FALSE,FALSE,62.46578111
87.25390237,10.47145853,29.25551822,1,1,FALSE,TRUE,FALSE,66.51273587
92.28581806,11.8253738,37.6077165,1,1,FALSE,TRUE,FALSE,66.20878379
94.89355228,8.728646172,33.72389665,0,0,TRUE,FALSE,FALSE,62.78946166
86.25258282,8.282232147,32.41650338,1,0,TRUE,FALSE,FALSE,66.66990212
90.93937774,9.892047572,29.78289366,0,1,FALSE,TRUE,FALSE,64.54370889
83.97590641,11.09161193,37.14772464,0,1,FALSE,TRUE,FALSE,69.9782365
86.6711453,10.83414557,33.46984711,1,0,TRUE,FALSE,FALSE,67.692055
90.98693042,8.531908434,33.51342238,0,2,FALSE,FALSE,TRUE,64.82198264
91.36598759,9.765586375,31.44165442,1,1,FALSE,TRUE,FALSE,64.61157164
84.62682449,7.993011261,32.99050328,1,0,TRUE,FALSE,FALSE,67.48189292
80.92360933,11.22537211,37.66668419,0,0,TRUE,FALSE,FALSE,71.56168102
85.0236657,7.829722619,34.28567156,1,2,FALSE,FALSE,TRUE,67.67719051
86.86280422,8.9952696,28.50788892,0,0,TRUE,FALSE,FALSE,65.86828351
84.84801041,9.482287231,33.97824246,0,0,TRUE,FALSE,FALSE,68.16455818
91.37394538,11.59651374,35.56109132,0,1,FALSE,TRUE,FALSE,66.16385107
96.06355556,8.501930426,37.39767608,1,2,FALSE,FALSE,TRUE,63.04852961
85.11891637,7.629792968,35.00262478,1,1,FALSE,TRUE,FALSE,67.59298396
92.0872309,11.86688321,35.8468824,1,1,FALSE,TRUE,FALSE,65.97251431
91.90779847,6.658624313,29.40629248,0,1,FALSE,TRUE,FALSE,62.69080899
93.85106197,8.766495664,30.92784126,1,2,FALSE,FALSE,TRUE,62.96663553
84.49059352,10.94612293,31.58890306,1,1,FALSE,TRUE,FALSE,68.55093302
86.02016113,6.775351903,28.09567124,1,0,TRUE,FALSE,FALSE,65.31919444
92.53700219,6.519444975,35.48450851,1,2,FALSE,FALSE,TRUE,63.6361786
80.26522111,6.494672503,31.26863563,1,1,FALSE,TRUE,FALSE,68.81898557
86.48187503,11.21836532,33.40599838,1,2,FALSE,FALSE,TRUE,68.12760829
85.52851267,6.509145313,33.90463075,1,1,FALSE,TRUE,FALSE,66.72032794
91.43583444,7.827123502,34.23356103,1,2,FALSE,FALSE,TRUE,64.45964439
84.84030714,6.58877467,36.96855037,1,2,FALSE,FALSE,TRUE,67.80906637
92.13832296,6.811044545,30.97057699,1,2,FALSE,FALSE,TRUE,63.04937174
84.61100186,6.191449582,33.69041572,0,2,FALSE,FALSE,TRUE,67.10916205
80.02595449,8.298543079,35.70345181,1,1,FALSE,TRUE,FALSE,70.54713035
85.93099063,6.094064288,30.41119463,1,0,TRUE,FALSE,FALSE,65.55436933
94.46042878,7.617384932,31.85256604,0,2,FALSE,FALSE,TRUE,62.38725279
95.24699618,9.57511953,29.86934816,0,1,FALSE,TRUE,FALSE,62.28041935
81.73576704,10.12069625,32.2764207,1,1,FALSE,TRUE,FALSE,69.73567912
84.77532691,6.568253378,28.47674606,0,0,TRUE,FALSE,FALSE,65.93498711
93.45246648,11.10220001,32.39048743,0,0,TRUE,FALSE,FALSE,64.19274425
90.16189625,8.081608772,32.85863502,0,1,FALSE,TRUE,FALSE,64.82342239
93.37876422,10.20787617,36.84117438,1,0,TRUE,FALSE,FALSE,64.76200323
86.95973314,10.77115604,31.72304921,1,0,TRUE,FALSE,FALSE,67.17320569
97.2761318,9.74275027,36.43773727,1,0,TRUE,FALSE,FALSE,62.54658166
81.27567895,6.578236405,28.75984697,0,1,FALSE,TRUE,FALSE,67.84542448
94.96546332,10.83527616,37.87529376,0,2,FALSE,FALSE,TRUE,64.62643756
91.43079549,9.946742694,33.29971542,1,2,FALSE,FALSE,TRUE,65.12324242
95.0569332,8.418114562,28.66726106,0,2,FALSE,FALSE,TRUE,61.77223144
99.96573382,7.176996865,31.79919788,0,2,FALSE,FALSE,TRUE,59.44777141
91.91544957,8.605329739,32.87275793,1,1,FALSE,TRUE,FALSE,64.1589587
96.28484234,8.946569395,36.71244476,1,2,FALSE,FALSE,TRUE,62.97869554
84.00309826,11.92157803,37.55115133,1,2,FALSE,FALSE,TRUE,70.47731235
81.93155227,9.38614402,28.31215042,1,0,TRUE,FALSE,FALSE,68.45111156
96.80174373,8.821747285,34.0734581,1,1,FALSE,TRUE,FALSE,62.04251867
90.46360615,9.687170944,35.40814992,1,1,FALSE,TRUE,FALSE,65.82469529
93.61984072,8.104491614,37.57078,0,1,FALSE,TRUE,FALSE,64.04603229
83.39337527,9.075213611,33.98202623,0,2,FALSE,FALSE,TRUE,68.92980306
95.91951035,11.5613024,32.32814241,1,0,TRUE,FALSE,FALSE,63.13039427
81.51839922,9.768881965,30.36169655,0,2,FALSE,FALSE,TRUE,69.42069249
96.50878449,10.44398535,29.66078137,0,2,FALSE,FALSE,TRUE,62.05535817
95.82695537,8.70059887,33.48937588,0,0,TRUE,FALSE,FALSE,62.26463704
84.99887006,9.603669701,29.61609421,0,1,FALSE,TRUE,FALSE,67.36525169
90.55990386,6.348003618,35.0469107,1,1,FALSE,TRUE,FALSE,64.36863166
91.03287573,7.395634477,34.94573518,0,1,FALSE,TRUE,FALSE,64.53096296
95.94101377,6.605761653,36.95132235,1,1,FALSE,TRUE,FALSE,62.16206225
93.80706896,10.14547632,29.33571681,0,0,TRUE,FALSE,FALSE,63.02179941
84.19167736,11.62436423,36.83884335,0,1,FALSE,TRUE,FALSE,70.02167568
88.16695912,7.586609403,33.90398038,1,0,TRUE,FALSE,FALSE,65.73196028
94.29428188,11.60652432,33.98584629,1,0,TRUE,FALSE,FALSE,64.29263805
85.88551804,7.681420716,33.5154791,0,2,FALSE,FALSE,TRUE,67.03290509
97.16802981,6.027526192,28.19976596,0,2,FALSE,FALSE,TRUE,59.66694876
95.47675734,9.750604721,34.92098219,0,1,FALSE,TRUE,FALSE,63.24605966
85.64290072,9.601594574,37.81634833,1,2,FALSE,FALSE,TRUE,68.78245714
90.22606065,11.828338,28.86232244,0,2,FALSE,FALSE,TRUE,65.59076936
94.51829131,9.418698868,28.34602601,1,0,TRUE,FALSE,FALSE,62.17753909
81.90264943,10.67807376,32.15027049,0,1,FALSE,TRUE,FALSE,69.84995889
98.20576252,11.45999718,29.61378289,1,0,TRUE,FALSE,FALSE,61.40387419
87.30903966,7.55739559,36.14809804,1,0,TRUE,FALSE,FALSE,66.59805801
98.03097626,6.827260088,35.63809762,1,0,TRUE,FALSE,FALSE,60.84303543
95.66691136,8.747269249,32.1063004,1,1,FALSE,TRUE,FALSE,62.1867121
89.68803078,11.69162033,29.32235101,1,2,FALSE,FALSE,TRUE,65.89710294
91.5190918,6.608266093,29.26168199,1,0,TRUE,FALSE,FALSE,62.73609694
92.16945464,6.941118061,31.29667153,0,1,FALSE,TRUE,FALSE,63.05105421
92.97910135,11.48104158,31.11695704,1,1,FALSE,TRUE,FALSE,64.42625737
99.91217933,7.36261029,37.86775816,1,1,FALSE,TRUE,FALSE,60.66250608
80.66170622,11.31804202,29.87378887,1,0,TRUE,FALSE,FALSE,70.17112147
86.85992221,7.013063327,34.87286321,0,0,TRUE,FALSE,FALSE,66.34983687
87.57713005,9.039264273,33.56654175,0,2,FALSE,FALSE,TRUE,66.74044903
88.48084347,10.76503701,33.80081007,1,1,FALSE,TRUE,FALSE,66.92575508
86.46119911,6.623916526,36.97186548,1,2,FALSE,FALSE,TRUE,67.01334015
81.39587057,11.34147573,28.67195555,1,1,FALSE,TRUE,FALSE,69.67304612
82.66355104,7.243139204,29.0882025,0,2,FALSE,FALSE,TRUE,67.58312066
97.06065395,10.99171546,32.65046452,0,2,FALSE,FALSE,TRUE,62.59645211
90.55930356,8.577333374,34.68106644,1,2,FALSE,FALSE,TRUE,65.28749486
94.28481252,11.25808406,36.64779033,1,1,FALSE,TRUE,FALSE,64.79038543
91.30959761,6.530917835,37.55646511,1,2,FALSE,FALSE,TRUE,64.66886135
83.34452897,11.6751837,28.62998734,1,0,TRUE,FALSE,FALSE,68.72380646
90.00947852,11.85552827,36.69477269,0,2,FALSE,FALSE,TRUE,67.27642659
81.76126523,11.7513889,29.7813535,1,2,FALSE,FALSE,TRUE,69.97619365
81.95808718,7.823970737,34.09212223,0,2,FALSE,FALSE,TRUE,69.16896915
84.13378693,6.15375884,31.23134855,0,0,TRUE,FALSE,FALSE,66.64087978
94.02784012,6.338181594,33.49282593,1,0,TRUE,FALSE,FALSE,62.21991776
97.88276412,10.6009715,32.80273211,1,0,TRUE,FALSE,FALSE,61.85955296
92.93497263,6.843928289,28.7214664,1,2,FALSE,FALSE,TRUE,62.21437828
86.41717982,10.9605433,33.86702282,0,1,FALSE,TRUE,FALSE,68.04903197
89.93715035,7.291847202,31.71977601,1,1,FALSE,TRUE,FALSE,64.39211891
84.71662115,10.76531704,30.2270548,1,1,FALSE,TRUE,FALSE,68.0932272
91.83511847,6.365541649,31.49902106,1,1,FALSE,TRUE,FALSE,63.02846164
90.29414282,11.71748856,36.0165745,1,2,FALSE,FALSE,TRUE,66.94323891
86.9551812,11.81332147,31.42148113,0,2,FALSE,FALSE,TRUE,67.73203421
90.19490954,9.233313967,33.56411294,0,0,TRUE,FALSE,FALSE,65.3086934
83.18303398,10.90523172,33.83704644,0,0,TRUE,FALSE,FALSE,69.53798499
90.49222194,8.495232722,34.52748387,1,0,TRUE,FALSE,FALSE,65.05747889
88.76045677,11.23488114,34.74252023,0,1,FALSE,TRUE,FALSE,67.16222812
97.85196995,6.745337494,34.67788431,0,0,TRUE,FALSE,FALSE,60.70772688
92.15852631,11.63971458,28.19533118,0,1,FALSE,TRUE,FALSE,64.31568891
96.41085874,10.97892287,28.8829301,1,2,FALSE,FALSE,TRUE,62.1627258
93.72971697,11.06263506,28.70419138,0,2,FALSE,FALSE,TRUE,63.50103382
94.30948981,11.20624748,31.05989101,1,0,TRUE,FALSE,FALSE,63.53973229
98.25331052,11.84849309,29.23495197,1,2,FALSE,FALSE,TRUE,61.65973237
99.17543822,7.49277268,31.96078911,1,2,FALSE,FALSE,TRUE,60.00154778
95.57689727,11.91985306,37.88747541,1,0,TRUE,FALSE,FALSE,64.55698767
86.27051538,6.369498649,34.1802689,0,1,FALSE,TRUE,FALSE,66.34859555
98.8795959,9.039444026,36.82398357,0,0,TRUE,FALSE,FALSE,61.54077637
82.39598459,11.36697614,35.32506538,0,0,TRUE,FALSE,FALSE,70.41381124
95.99624774,9.707245429,30.64515286,0,2,FALSE,FALSE,TRUE,62.21380487
84.58347809,11.39084338,34.71183216,1,2,FALSE,FALSE,TRUE,69.40696474
83.89372148,11.96831232,29.54672176,0,2,FALSE,FALSE,TRUE,68.94980854
86.34830548,11.78846655,31.99998786,0,2,FALSE,FALSE,TRUE,68.14123145
80.87795126,8.923751205,33.78746449,1,0,TRUE,FALSE,FALSE,69.88801775
93.3668739,6.074232443,28.27341395,0,1,FALSE,TRUE,FALSE,61.50093882
91.2008364,6.445618194,33.43931677,0,1,FALSE,TRUE,FALSE,63.76569243
90.63334441,11.38517868,33.67079617,0,2,FALSE,FALSE,TRUE,66.1715585
96.23488466,10.79978557,32.21198357,0,2,FALSE,FALSE,TRUE,62.84486861
94.08582572,8.289418531,28.26960289,0,2,FALSE,FALSE,TRUE,62.12677513
99.45894348,6.347678932,31.70850611,0,2,FALSE,FALSE,TRUE,59.35130105
91.3988703,9.989516336,30.86960246,1,0,TRUE,FALSE,FALSE,64.47029188
82.37814746,6.09685259,35.60842443,0,0,TRUE,FALSE,FALSE,68.37135219
87.61510892,8.2354125,32.10054267,0,2,FALSE,FALSE,TRUE,66.10671907
99.84856958,9.12324236,37.43817643,0,0,TRUE,FALSE,FALSE,61.21264744
98.09718381,9.074758985,29.51927363,1,0,TRUE,FALSE,FALSE,60.48516641
95.89345676,10.45399537,35.95047376,0,0,TRUE,FALSE,FALSE,63.42496452
89.77307213,8.74662429,37.93165563,1,1,FALSE,TRUE,FALSE,66.29844478
91.54117746,8.634867519,32.15596777,1,2,FALSE,FALSE,TRUE,64.31455183
85.78986698,9.769383484,34.73360975,0,0,TRUE,FALSE,FALSE,67.95954185
98.17730342,6.950788305,31.55182354,1,1,FALSE,TRUE,FALSE,60.10202832
93.37636752,10.23779615,30.12632146,1,1,FALSE,TRUE,FALSE,63.53219899
93.44024137,8.39593318,29.49865203,0,0,TRUE,FALSE,FALSE,62.53798299
92.17854107,11.57339618,35.16137534,0,1,FALSE,TRUE,FALSE,65.67236301
92.42194874,10.18419205,29.04231087,0,0,TRUE,FALSE,FALSE,63.67116462
98.47234972,8.6245817,33.46686968,0,0,TRUE,FALSE,FALSE,60.90703176
89.8980704,11.48110831,34.31239939,1,0,TRUE,FALSE,FALSE,66.505888
95.94823881,11.02044317,37.47774615,1,2,FALSE,FALSE,TRUE,64.12960709
95.87998432,8.818491959,36.15274252,1,0,TRUE,FALSE,FALSE,62.81795313
88.07145262,8.694243882,29.17608824,1,0,TRUE,FALSE,FALSE,65.27718889
87.58798264,8.175029651,34.55440735,1,0,TRUE,FALSE,FALSE,66.38690201
91.55294972,10.25691061,35.74884836,1,1,FALSE,TRUE,FALSE,65.57605906
87.19514359,9.960348231,33.02276936,1,2,FALSE,FALSE,TRUE,67.19112137
87.36461006,8.197935961,37.43978004,0,2,FALSE,FALSE,TRUE,67.28482536
91.88603867,7.768910091,34.00862966,1,1,FALSE,TRUE,FALSE,64.06627063
97.10897512,9.859997305,37.66506958,0,1,FALSE,TRUE,FALSE,63.02252528
86.91912914,7.290627193,32.23745766,0,2,FALSE,FALSE,TRUE,66.10417784
96.02736669,6.261120111,30.29185129,1,1,FALSE,TRUE,FALSE,60.64913496
93.95604835,10.13231652,36.1752015,0,1,FALSE,TRUE,FALSE,64.40994273
86.28591745,11.92970507,33.60773281,1,0,TRUE,FALSE,FALSE,68.35046987
87.10250546,9.838971915,34.27774543,0,2,FALSE,FALSE,TRUE,67.43988512
90.23740417,8.358586001,30.95109236,0,0,TRUE,FALSE,FALSE,64.41495079
96.9946929,9.422247189,34.75375516,0,1,FALSE,TRUE,FALSE,62.32230346
83.55249185,9.196041459,37.66705372,1,0,TRUE,FALSE,FALSE,69.4355814
90.4602747,10.02996774,36.05032568,1,1,FALSE,TRUE,FALSE,66.09191488
98.04956117,7.692779564,37.74313452,1,0,TRUE,FALSE,FALSE,61.60095814
98.60952842,9.55421556,29.31337967,0,2,FALSE,FALSE,TRUE,60.57959795
82.48582171,6.056786245,35.53574465,0,0,TRUE,FALSE,FALSE,68.28695257
98.06912513,11.2044453,28.19047178,0,1,FALSE,TRUE,FALSE,61.18530991
90.98014403,6.98801039,37.83097011,0,0,TRUE,FALSE,FALSE,64.87132616
89.77285132,9.516695854,35.2456688,1,0,TRUE,FALSE,FALSE,65.96938644
97.55466777,8.61763485,35.78188157,0,0,TRUE,FALSE,FALSE,61.82609637
92.07013435,7.456926206,34.0469407,1,1,FALSE,TRUE,FALSE,63.85709145
94.833169,6.437381166,36.68843444,1,1,FALSE,TRUE,FALSE,62.59605485
94.5699294,8.540806981,28.01282365,0,1,FALSE,TRUE,FALSE,61.83392282
83.20078712,6.011378898,31.77742778,1,2,FALSE,FALSE,TRUE,67.35964356
99.77096627,11.83972966,30.26919104,1,1,FALSE,TRUE,FALSE,61.00424694
89.00706852,8.156400059,28.33733028,1,0,TRUE,FALSE,FALSE,64.42649182
92.51797536,11.66786549,36.92699629,0,2,FALSE,FALSE,TRUE,65.99355777
98.32978522,7.988371374,31.24638386,1,0,TRUE,FALSE,FALSE,60.27973271
90.7658785,10.32754279,34.38795235,0,2,FALSE,FALSE,TRUE,65.82566834
90.33255859,10.73500185,36.41779246,0,0,TRUE,FALSE,FALSE,66.41127994
96.99493694,7.249809156,32.6974641,1,1,FALSE,TRUE,FALSE,61.04194801
94.34860247,11.43378965,29.45071321,1,1,FALSE,TRUE,FALSE,63.38935727
94.20026902,6.453038909,37.19909574,1,0,TRUE,FALSE,FALSE,62.9209002
94.3244986,9.460317228,36.05002387,0,2,FALSE,FALSE,TRUE,64.03188237
87.36921404,8.108960575,28.30953038,0,0,TRUE,FALSE,FALSE,65.22088329
94.65900315,6.758317544,35.46628741,1,2,FALSE,FALSE,TRUE,62.66708292
96.09981238,8.373196251,30.24545378,0,1,FALSE,TRUE,FALSE,61.44846307
81.47183511,8.029944509,34.96332363,0,0,TRUE,FALSE,FALSE,69.46872497
91.70870385,10.1022724,33.38894182,1,1,FALSE,TRUE,FALSE,64.9643454
93.49800648,10.78738212,34.47341327,1,0,TRUE,FALSE,FALSE,64.46063226
90.91408976,6.688746522,37.31805126,1,1,FALSE,TRUE,FALSE,64.78206398
98.42353361,6.435041884,31.61554489,0,2,FALSE,FALSE,TRUE,59.88535893
92.53372165,10.93626557,30.28572769,0,0,TRUE,FALSE,FALSE,64.16479094
82.96528028,10.38403314,30.01254769,1,0,TRUE,FALSE,FALSE,68.67348265
82.14305881,8.268405813,28.24080975,1,1,FALSE,TRUE,FALSE,67.98399487
88.05624187,6.050743125,31.14813317,1,2,FALSE,FALSE,TRUE,64.82180295
94.72639946,9.191313709,33.13844471,0,2,FALSE,FALSE,TRUE,63.1410147
85.51024449,11.96652989,35.08462236,1,0,TRUE,FALSE,FALSE,69.04841418
89.69330171,11.1120626,28.24937078,1,2,FALSE,FALSE,TRUE,65.44804834
81.74656024,9.199769012,33.71345535,0,2,FALSE,FALSE,TRUE,69.74931855
88.3449539,7.15190184,37.92480827,0,2,FALSE,FALSE,TRUE,66.47324544
85.65190816,11.18097939,37.43477211,1,2,FALSE,FALSE,TRUE,69.3333921
84.10993451,9.787833764,32.19435085,0,2,FALSE,FALSE,TRUE,68.49903642
98.55025779,6.932917384,32.72552846,1,0,TRUE,FALSE,FALSE,60.04314375
83.38223018,10.97668568,32.65464999,0,1,FALSE,TRUE,FALSE,69.33048918
82.09304252,11.79351009,31.22822383,1,0,TRUE,FALSE,FALSE,69.91652754
99.96033744,11.50386324,37.44577471,0,2,FALSE,FALSE,TRUE,62.31053152
88.05370144,7.360758752,30.1616803,1,0,TRUE,FALSE,FALSE,64.94978884
85.86597377,9.355551524,36.66041246,0,0,TRUE,FALSE,FALSE,68.14131622
93.42240826,11.03791902,30.74638653,0,2,FALSE,FALSE,TRUE,64.05324078
87.0907087,9.935993509,34.48391631,1,1,FALSE,TRUE,FALSE,67.42582632
92.47049948,10.23423973,36.95837618,1,1,FALSE,TRUE,FALSE,65.35012139
88.44245802,6.448295251,29.38649563,0,1,FALSE,TRUE,FALSE,64.33538822
87.7382256,8.471749147,30.83179269,0,2,FALSE,FALSE,TRUE,65.8859454
88.69534155,8.509699441,31.76591936,0,2,FALSE,FALSE,TRUE,65.60939287
93.45374389,7.45076366,33.96949404,1,0,TRUE,FALSE,FALSE,63.04733233
91.684277,11.18014287,31.21365078,1,0,TRUE,FALSE,FALSE,64.8726488
87.13792905,9.114908411,36.24164711,1,1,FALSE,TRUE,FALSE,67.42532826
99.19358947,10.18175308,36.0394117,0,2,FALSE,FALSE,TRUE,61.88378884
96.17264102,10.36018075,37.41271834,1,2,FALSE,FALSE,TRUE,63.74029546
91.73757135,8.531118391,35.25177364,1,2,FALSE,FALSE,TRUE,64.79401641
93.46789115,9.648292213,31.11385445,0,2,FALSE,FALSE,TRUE,63.5481422
97.98127307,8.964658107,34.34944849,0,2,FALSE,FALSE,TRUE,61.66511641
94.19489129,8.349313657,33.96684686,1,0,TRUE,FALSE,FALSE,63.03564919
80.64593542,8.498842811,34.9046439,0,0,TRUE,FALSE,FALSE,70.05749819
95.72696502,11.10944134,36.76693497,0,2,FALSE,FALSE,TRUE,64.13368102
95.52431873,9.017056738,29.20235828,1,2,FALSE,FALSE,TRUE,61.88513499
98.27145163,6.871284323,33.98850322,1,2,FALSE,FALSE,TRUE,60.61048856
90.3825425,6.762229962,35.03928934,1,1,FALSE,TRUE,FALSE,64.6214786
97.68582095,7.001621961,29.70257514,1,1,FALSE,TRUE,FALSE,59.99825334
98.98230247,7.164111383,34.94685732,1,1,FALSE,TRUE,FALSE,60.46386478
92.15078929,9.612444445,30.26030329,1,0,TRUE,FALSE,FALSE,63.82164379
80.56376273,9.533949456,36.1950455,1,2,FALSE,FALSE,TRUE,70.97070752
84.76512646,9.313031115,36.82726073,0,0,TRUE,FALSE,FALSE,68.70810136
99.33719485,9.763971546,37.10333626,0,2,FALSE,FALSE,TRUE,61.85765845
93.68859338,9.604211793,28.18365141,0,2,FALSE,FALSE,TRUE,62.83411831
91.83948949,7.358303706,28.52860668,1,1,FALSE,TRUE,FALSE,62.82929807
83.64158991,8.233556699,37.72546585,0,2,FALSE,FALSE,TRUE,69.21772089
95.63018484,9.879601559,32.80005049,0,1,FALSE,TRUE,FALSE,62.7967583
80.214794,7.481206537,28.75941227,1,2,FALSE,FALSE,TRUE,68.83696807
80.78384398,10.68855847,28.34532276,0,1,FALSE,TRUE,FALSE,69.65256595
88.47286355,11.51932685,30.01867995,1,2,FALSE,FALSE,TRUE,66.57503496
82.2012796,10.45517043,31.1519587,0,0,TRUE,FALSE,FALSE,69.31182011
85.90304723,10.1689775,34.26011966,1,1,FALSE,TRUE,FALSE,68.06809132
91.49838073,11.12027095,29.92866305,1,0,TRUE,FALSE,FALSE,64.68465063
87.59387512,6.365617067,33.00688994,1,0,TRUE,FALSE,FALSE,65.35068725
85.54388252,10.95008017,37.13010863,0,2,FALSE,FALSE,TRUE,69.23411253
85.70355197,6.367262784,35.65981614,0,2,FALSE,FALSE,TRUE,67.02709236
97.57432246,10.08710316,35.3164654,1,1,FALSE,TRUE,FALSE,62.41097311
91.48515933,6.416971909,36.31429993,0,1,FALSE,TRUE,FALSE,64.18706908
94.98574267,8.205204188,35.87094447,1,0,TRUE,FALSE,FALSE,62.96339923
99.2886415,8.872503956,35.56120516,0,1,FALSE,TRUE,FALSE,61.11692186
95.07180658,10.35966846,28.0834821,1,1,FALSE,TRUE,FALSE,62.32466051
84.42837844,11.79515724,36.02760491,1,0,TRUE,FALSE,FALSE,69.70939466
97.70170948,8.046564292,30.51828515,0,1,FALSE,TRUE,FALSE,60.57142801
85.33408543,10.91424851,31.79095114,0,2,FALSE,FALSE,TRUE,68.25684692
90.05278214,9.982857602,32.1096929,0,1,FALSE,TRUE,FALSE,65.48869055
89.78841451,8.768625761,29.45500959,1,0,TRUE,FALSE,FALSE,64.50424497
99.34037279,8.271466381,34.6971979,1,1,FALSE,TRUE,FALSE,60.67783974
94.53777844,11.18920601,28.3642685,1,0,TRUE,FALSE,FALSE,62.87964688
95.80973483,9.322069442,29.27248681,0,1,FALSE,TRUE,FALSE,61.77845772
83.32391835,8.114844665,35.84744263,0,1,FALSE,TRUE,FALSE,68.85346722
89.95191422,8.515533455,32.51249219,1,1,FALSE,TRUE,FALSE,65.03275471
86.00924062,6.934352217,33.60087368,1,2,FALSE,FALSE,TRUE,66.68929531
88.51716645,6.86011164,33.53860669,1,1,FALSE,TRUE,FALSE,65.29318277
82.62222096,8.566598665,30.00808462,0,0,TRUE,FALSE,FALSE,68.11714591
94.05934948,9.436025939,28.82923372,1,1,FALSE,TRUE,FALSE,62.61058238
93.30672943,8.292506901,34.50465416,0,2,FALSE,FALSE,TRUE,63.76456888
97.18141038,7.784803393,33.69916494,1,1,FALSE,TRUE,FALSE,61.36304916
87.30891368,6.161639107,37.3646468,1,0,TRUE,FALSE,FALSE,66.28312816
91.49686604,11.30264915,37.15178829,0,0,TRUE,FALSE,FALSE,66.2029843
83.89428271,6.233774019,31.80189979,1,0,TRUE,FALSE,FALSE,66.90674821
97.33622816,8.94152519,35.06538565,0,2,FALSE,FALSE,TRUE,62.12157313
98.11671511,10.28448802,36.41870942,1,2,FALSE,FALSE,TRUE,62.53917954
83.33302902,11.97222759,33.56443102,0,2,FALSE,FALSE,TRUE,70.03526273
84.95815961,6.776496189,34.56460408,1,2,FALSE,FALSE,TRUE,67.34443949
94.21690007,10.03050406,28.22760497,0,1,FALSE,TRUE,FALSE,62.64927258
96.38986578,9.945080957,29.60347004,0,0,TRUE,FALSE,FALSE,61.7037935
96.86516588,6.503489866,29.69912223,0,1,FALSE,TRUE,FALSE,60.20863745
88.4112957,6.328826129,33.86575925,0,1,FALSE,TRUE,FALSE,65.19903445
81.9036715,9.93560661,28.21423333,0,1,FALSE,TRUE,FALSE,68.76525356
86.54877176,10.1782207,36.26900799,1,2,FALSE,FALSE,TRUE,68.250704
98.87859654,9.364325222,34.95221832,0,1,FALSE,TRUE,FALSE,61.39687548
83.069706,8.131240663,31.39179006,1,1,FALSE,TRUE,FALSE,68.09600128
85.11834696,11.20754807,30.36498112,0,0,TRUE,FALSE,FALSE,67.99684197
83.90700176,11.72519612,31.00903809,1,1,FALSE,TRUE,FALSE,69.03838519
93.08235548,10.94465057,30.24077395,0,2,FALSE,FALSE,TRUE,64.08483728
93.62547546,11.29894427,31.84061113,0,2,FALSE,FALSE,TRUE,64.2749622
92.48135256,8.643449302,33.20203235,0,1,FALSE,TRUE,FALSE,63.95710991
85.088093,10.57016044,31.88400343,1,1,FALSE,TRUE,FALSE,68.16081836
81.02235444,8.579926566,28.29034852,1,0,TRUE,FALSE,FALSE,68.57886311
92.77210948,10.17069905,32.1491968,1,2,FALSE,FALSE,TRUE,64.31206424
90.55439801,10.41519744,33.25485188,1,1,FALSE,TRUE,FALSE,65.63985035
83.95238176,9.987535922,29.33585888,0,2,FALSE,FALSE,TRUE,68.08599526
83.45850285,9.293399347,30.62862605,0,0,TRUE,FALSE,FALSE,68.11383352
98.47093821,11.9927569,28.09516007,0,1,FALSE,TRUE,FALSE,61.28066567
95.07206877,6.879139756,32.84448068,1,2,FALSE,FALSE,TRUE,61.98451765
85.36405582,11.21152808,34.84745331,0,2,FALSE,FALSE,TRUE,68.97207398
87.32704708,11.68432064,34.44567676,1,1,FALSE,TRUE,FALSE,67.99934007
97.9850215,6.576907331,36.1269611,1,1,FALSE,TRUE,FALSE,60.9636444
89.9661147,9.730175501,33.76382392,0,1,FALSE,TRUE,FALSE,65.76177763
92.72719552,10.17928598,37.35092883,1,0,TRUE,FALSE,FALSE,65.1783024
92.26196116,7.478385047,29.09215267,0,2,FALSE,FALSE,TRUE,62.87880397
95.49511565,10.33851372,36.70421277,1,2,FALSE,FALSE,TRUE,63.92869022
84.88265373,7.028548798,35.01657004,1,1,FALSE,TRUE,FALSE,67.47340666
98.18188762,9.878885233,33.56045742,0,2,FALSE,FALSE,TRUE,61.77270177
99.29281065,8.120161271,29.88149808,1,0,TRUE,FALSE,FALSE,59.5779588
95.31043451,11.46211045,35.70411943,1,2,FALSE,FALSE,TRUE,64.27045081
89.82132948,8.900516366,32.30701086,0,1,FALSE,TRUE,FALSE,65.21094398
87.44435269,9.787593449,36.37792369,1,1,FALSE,TRUE,FALSE,67.56844577
80.43571176,9.454503453,32.90470715,0,2,FALSE,FALSE,TRUE,70.34488693
98.51494178,6.097593413,33.29503492,0,1,FALSE,TRUE,FALSE,59.94057346
80.89398095,11.77882492,29.31435613,0,1,FALSE,TRUE,FALSE,70.22741072
92.15442977,7.035795138,36.47588383,1,1,FALSE,TRUE,FALSE,64.13227994
86.89141909,6.560407458,31.34168032,0,2,FALSE,FALSE,TRUE,65.6467895
91.8870807,6.246915126,32.2346289,1,1,FALSE,TRUE,FALSE,63.10215148
93.00098748,11.13782919,37.80246489,0,2,FALSE,FALSE,TRUE,65.71513091
80.25771695,10.04990477,31.20835322,0,0,TRUE,FALSE,FALSE,70.13277408
99.46939794,10.15624734,36.1535521,0,0,TRUE,FALSE,FALSE,61.55851039
89.475114,9.41152033,37.80739777,1,0,TRUE,FALSE,FALSE,66.58853069
91.97263611,8.63907975,33.83931595,0,0,TRUE,FALSE,FALSE,64.23717704
83.2285679,8.488671561,32.73560295,0,1,FALSE,TRUE,FALSE,68.42830526
86.68075674,7.408671042,34.22791487,0,0,TRUE,FALSE,FALSE,66.46867302
84.10529346,7.350426713,30.54770126,0,0,TRUE,FALSE,FALSE,66.99706421
92.79140292,6.804697922,29.97557458,0,0,TRUE,FALSE,FALSE,62.32129262
85.72138776,6.395672803,36.37310757,0,0,TRUE,FALSE,FALSE,66.97219676
95.28862853,9.306644516,36.88733449,0,2,FALSE,FALSE,TRUE,63.65581044
93.75170602,7.121970468,28.54639687,1,2,FALSE,FALSE,TRUE,61.88221455
80.10641473,8.83616129,32.33493321,0,0,TRUE,FALSE,FALSE,69.94824379
94.29579483,8.299233758,34.56357144,1,0,TRUE,FALSE,FALSE,63.08451038
82.00476898,9.840585508,32.83982689,1,1,FALSE,TRUE,FALSE,69.60181509
85.43153318,10.33955943,28.19824051,0,0,TRUE,FALSE,FALSE,67.05970528
89.48855287,7.355615001,31.13117412,0,0,TRUE,FALSE,FALSE,64.42420439
98.3712203,10.60511403,29.0431824,0,0,TRUE,FALSE,FALSE,60.86507194
91.74959343,7.369861849,34.6708036,1,1,FALSE,TRUE,FALSE,64.10730874
93.93814339,6.987942135,29.85072229,1,0,TRUE,FALSE,FALSE,61.79624962
92.30836942,7.823191218,35.05875187,1,1,FALSE,TRUE,FALSE,64.08684215
84.16344231,11.57499567,37.4102339,0,1,FALSE,TRUE,FALSE,70.13032389
97.8603998,8.728818677,29.08889144,0,1,FALSE,TRUE,FALSE,60.47910586
81.18687963,6.658214035,28.77934823,0,2,FALSE,FALSE,TRUE,68.02571545
84.1396693,11.85548893,33.44891037,0,1,FALSE,TRUE,FALSE,69.462143
87.80719611,9.651510494,32.45334365,1,1,FALSE,TRUE,FALSE,66.54767487
80.49628132,10.2630984,29.03210185,0,0,TRUE,FALSE,FALSE,69.66351907
80.47425934,9.180334053,28.30658671,0,0,TRUE,FALSE,FALSE,69.09632129
91.28984372,8.469361477,35.86396588,1,2,FALSE,FALSE,TRUE,65.11561591
94.79912667,7.199150047,35.93054104,1,1,FALSE,TRUE,FALSE,62.76620489
90.10775968,11.6835443,32.23681479,1,0,TRUE,FALSE,FALSE,66.06690084
90.68648438,6.488131854,33.89913843,1,1,FALSE,TRUE,FALSE,64.13183824
82.03987771,10.40524228,36.62200117,1,0,TRUE,FALSE,FALSE,70.46655829
92.29751289,9.49839752,28.16548516,0,1,FALSE,TRUE,FALSE,63.3836996
80.19485652,6.80568742,30.38440343,0,0,TRUE,FALSE,FALSE,68.70172739
97.28681855,9.248229897,35.69389606,0,2,FALSE,FALSE,TRUE,62.3946619
89.99277643,9.66768948,29.80279545,0,2,FALSE,FALSE,TRUE,65.03124667
83.50467108,6.749675387,28.72026082,0,1,FALSE,TRUE,FALSE,66.79158678
97.74658962,11.05939203,29.3724778,0,2,FALSE,FALSE,TRUE,61.62495756
90.41258478,10.31235638,34.81865791,1,1,FALSE,TRUE,FALSE,65.98238174
99.4684358,9.166826346,33.87357294,1,2,FALSE,FALSE,TRUE,60.90722723
90.54406819,11.54705088,35.59890152,1,1,FALSE,TRUE,FALSE,66.56656656
96.48765229,7.608781474,33.12892996,0,1,FALSE,TRUE,FALSE,61.52547244
95.79368112,6.626709813,28.53561173,1,1,FALSE,TRUE,FALSE,60.56096571
94.62429388,11.44079917,30.37705637,0,1,FALSE,TRUE,FALSE,63.439584
84.26992254,10.91331607,33.55333666,0,1,FALSE,TRUE,FALSE,69.04103249
95.9353688,9.940700397,37.32130242,1,1,FALSE,TRUE,FALSE,63.57285624
84.75827456,6.391930155,32.21293682,0,1,FALSE,TRUE,FALSE,66.72022215
85.32214298,7.239420581,34.28349784,0,1,FALSE,TRUE,FALSE,67.19139631
97.36044294,8.509563019,32.62544616,1,1,FALSE,TRUE,FALSE,61.34869297
86.9263992,7.916876952,34.75348089,0,1,FALSE,TRUE,FALSE,66.75424736
97.75297267,7.879577143,35.05852127,1,2,FALSE,FALSE,TRUE,61.48704878
94.81544569,6.546825385,29.98309321,0,2,FALSE,FALSE,TRUE,61.40762595
88.3018617,6.591100645,37.36968218,0,2,FALSE,FALSE,TRUE,66.15944584
92.52016814,6.942824345,30.40882906,1,2,FALSE,FALSE,TRUE,62.79881148
95.48926717,9.636896243,33.58644317,0,0,TRUE,FALSE,FALSE,62.82741355
86.44848069,10.65839274,30.94556384,1,2,FALSE,FALSE,TRUE,67.42822952
81.18607996,10.10645188,30.96513876,0,1,FALSE,TRUE,FALSE,69.74256852
83.2057899,10.31000491,34.8866066,1,1,FALSE,TRUE,FALSE,69.59842833
82.38311055,7.150762425,37.3755873,1,1,FALSE,TRUE,FALSE,69.24386716
91.58876011,11.9167359,30.11616467,1,2,FALSE,FALSE,TRUE,65.19554724
97.69533528,7.624008636,35.27296118,1,0,TRUE,FALSE,FALSE,61.25652805
98.54599942,9.213905196,30.25399066,0,1,FALSE,TRUE,FALSE,60.5633605
87.70115374,9.319565581,32.6637802,1,0,TRUE,FALSE,FALSE,66.4100054
89.0067371,9.761029805,31.83663585,1,0,TRUE,FALSE,FALSE,65.76837054
82.3268479,8.517714355,29.20261115,1,1,FALSE,TRUE,FALSE,68.18418402
80.39787639,7.336763693,37.54054192,1,0,TRUE,FALSE,FALSE,70.24387567
88.95883086,11.36937022,35.60933824,0,0,TRUE,FALSE,FALSE,67.19020031
99.34690286,9.519751007,32.25044697,0,2,FALSE,FALSE,TRUE,60.78453837
98.00627976,6.940884473,37.91554217,0,1,FALSE,TRUE,FALSE,61.45632234
81.90037486,6.610965091,28.42870573,1,1,FALSE,TRUE,FALSE,67.47993975
95.81779531,11.66402878,33.20762321,0,0,TRUE,FALSE,FALSE,63.3982385
82.66402866,10.06685281,37.55159969,0,2,FALSE,FALSE,TRUE,70.40504673
93.04819276,11.6102308,32.31591794,0,1,FALSE,TRUE,FALSE,64.68317953
96.36541468,10.04631478,33.66527958,0,0,TRUE,FALSE,FALSE,62.56887449
81.31375001,8.320228632,37.95566471,1,2,FALSE,FALSE,TRUE,70.46234939
85.53600514,6.704715206,28.29714434,0,2,FALSE,FALSE,TRUE,65.77331238
86.92104076,6.986273622,33.87689705,1,1,FALSE,TRUE,FALSE,66.20936848
82.04381436,6.55360875,29.18437658,1,2,FALSE,FALSE,TRUE,67.63641164
93.30334354,8.187803988,35.95218215,1,2,FALSE,FALSE,TRUE,64.01388626
83.47063823,9.452974348,33.59003574,1,0,TRUE,FALSE,FALSE,68.76387777
98.80072851,10.75736457,33.64827363,1,1,FALSE,TRUE,FALSE,61.7322363
82.1915838,11.07744806,31.92194117,0,2,FALSE,FALSE,TRUE,69.91957556
82.04680217,7.78553615,36.03879249,0,0,TRUE,FALSE,FALSE,69.29857187
90.42693643,8.976356933,28.42976776,1,1,FALSE,TRUE,FALSE,64.16302811
91.05986296,7.455874766,28.79140025,1,0,TRUE,FALSE,FALSE,63.21069848
98.77457609,10.56276862,34.6325332,1,1,FALSE,TRUE,FALSE,61.86432604
86.2694157,9.836723661,35.97129661,0,0,TRUE,FALSE,FALSE,67.99424094
85.43977919,10.5408526,28.28303769,0,1,FALSE,TRUE,FALSE,67.25305898
82.05039033,7.483974897,28.4894402,0,1,FALSE,TRUE,FALSE,67.76628283
81.5221829,10.40376945,31.21204778,1,0,TRUE,FALSE,FALSE,69.64282589
94.03102127,8.635302513,29.00142315,0,1,FALSE,TRUE,FALSE,62.338895
96.53469799,8.86851689,33.60678402,0,2,FALSE,FALSE,TRUE,62.20141457
91.12288252,6.608616003,30.20583451,1,2,FALSE,FALSE,TRUE,63.32317204
81.45120518,6.05219329,29.62454674,1,2,FALSE,FALSE,TRUE,67.82018407
92.76870374,11.22451105,32.80805147,0,2,FALSE,FALSE,TRUE,64.86706284
81.13210989,9.61998784,33.94639018,0,0,TRUE,FALSE,FALSE,70.07121823
83.3122104,6.595369004,30.61285475,0,1,FALSE,TRUE,FALSE,67.20461335
94.66808064,7.890171698,28.42202033,1,2,FALSE,FALSE,TRUE,61.70643243
83.92137247,10.86408586,34.20829901,0,2,FALSE,FALSE,TRUE,69.42660791
98.21835678,9.973132654,37.79649679,0,2,FALSE,FALSE,TRUE,62.63937403
95.12203431,10.11675207,33.2819609,1,2,FALSE,FALSE,TRUE,63.34207585
98.96246595,11.68608238,36.44887741,1,1,FALSE,TRUE,FALSE,62.58297546
94.94363036,7.866649568,37.17920074,1,1,FALSE,TRUE,FALSE,63.2106848
88.99431386,8.582760722,37.00618058,1,1,FALSE,TRUE,FALSE,66.43718347
95.67374818,6.471548414,28.23240721,1,2,FALSE,FALSE,TRUE,60.59822672
99.45590837,11.77159343,35.85081304,1,0,TRUE,FALSE,FALSE,62.15084579
94.70392064,6.042938483,31.13858898,1,0,TRUE,FALSE,FALSE,61.29293287
82.46179811,8.563721817,29.14840888,0,1,FALSE,TRUE,FALSE,68.12427145
92.73893494,9.690625805,32.42499022,1,2,FALSE,FALSE,TRUE,64.1917809
89.95299363,9.890058016,29.97276916,1,1,FALSE,TRUE,FALSE,65.07408022
94.28023436,9.332872792,35.26356265,1,0,TRUE,FALSE,FALSE,63.64574447
80.36829537,11.12024137,31.22658377,0,0,TRUE,FALSE,FALSE,70.50926562
84.36655475,8.521162877,31.72632201,1,2,FALSE,FALSE,TRUE,67.77045218
87.78916262,6.001549006,29.16146971,0,0,TRUE,FALSE,FALSE,64.33833223
95.24524831,9.009854602,29.66868403,0,1,FALSE,TRUE,FALSE,62.01505449
82.19018967,6.324771504,36.67431494,1,1,FALSE,TRUE,FALSE,68.86967675
82.17732663,6.199148275,35.00881069,1,1,FALSE,TRUE,FALSE,68.49275813
95.20186894,6.790079535,31.15058676,0,0,TRUE,FALSE,FALSE,61.3452147
89.15278405,9.58806453,32.53678135,1,2,FALSE,FALSE,TRUE,65.96619006
92.90153387,6.572875259,36.13421826,0,2,FALSE,FALSE,TRUE,63.60522682
84.12320748,11.32543451,34.70205029,0,0,TRUE,FALSE,FALSE,69.40898012
87.1320927,8.053541809,29.72032542,1,0,TRUE,FALSE,FALSE,65.59943546
83.21515164,9.459935097,35.87633709,0,0,TRUE,FALSE,FALSE,69.35166564
89.23843826,11.6809674,35.67194942,1,2,FALSE,FALSE,TRUE,67.38755771
92.96900899,9.913810175,29.56197738,0,0,TRUE,FALSE,FALSE,63.39341505
82.45784859,8.787032732,31.50878991,0,1,FALSE,TRUE,FALSE,68.68764678
90.88183447,8.418214132,31.27090131,1,0,TRUE,FALSE,FALSE,64.18054868
95.65227463,8.695140583,29.26551922,0,2,FALSE,FALSE,TRUE,61.70502276
99.32382462,6.87474025,29.33220565,1,1,FALSE,TRUE,FALSE,59.05442492
85.82386885,8.852082307,37.67376826,1,0,TRUE,FALSE,FALSE,68.16365215
98.96604952,7.941248744,35.15570841,1,1,FALSE,TRUE,FALSE,60.82461642
80.89396119,7.091483455,30.74222184,0,2,FALSE,FALSE,TRUE,68.73805716
86.51085443,9.812454702,35.22065896,1,1,FALSE,TRUE,FALSE,67.81368646
94.76246658,6.615541626,37.14556826,1,2,FALSE,FALSE,TRUE,62.89409701
95.98105085,11.98813048,36.82864106,0,2,FALSE,FALSE,TRUE,64.37045498
95.36306733,9.754212762,30.6778825,1,2,FALSE,FALSE,TRUE,62.55572794
93.47862732,6.756184363,36.45426384,1,0,TRUE,FALSE,FALSE,63.25401285
83.36229185,10.09075798,36.49097628,0,2,FALSE,FALSE,TRUE,69.85335252
92.25647234,8.36207329,32.20165388,0,0,TRUE,FALSE,FALSE,63.65692392
86.41284895,10.40193526,29.80733168,1,2,FALSE,FALSE,TRUE,67.11581597
95.65102927,11.9372385,31.5946879,1,1,FALSE,TRUE,FALSE,63.36831835
86.72775805,10.23974756,28.98611788,1,0,TRUE,FALSE,FALSE,66.52924358
99.95904849,10.43726904,34.96843305,0,0,TRUE,FALSE,FALSE,61.18906998
90.27304737,11.71640295,30.11044999,1,1,FALSE,TRUE,FALSE,65.67212749
85.05737541,11.07082353,30.64254829,0,1,FALSE,TRUE,FALSE,68.12815137
92.39215786,10.72067413,36.60592877,1,0,TRUE,FALSE,FALSE,65.41337648
94.17470206,7.208607143,34.0288519,1,1,FALSE,TRUE,FALSE,62.70186221
80.52333964,11.66712244,32.04023921,0,1,FALSE,TRUE,FALSE,70.913227
96.69626952,6.537044914,28.32579715,0,0,TRUE,FALSE,FALSE,59.93184264
81.40850526,6.807409133,32.50549338,0,2,FALSE,FALSE,TRUE,68.7198097
92.4788295,7.987181593,28.1257762,0,1,FALSE,TRUE,FALSE,62.68061313
85.48136566,7.30374366,28.41767053,1,2,FALSE,FALSE,TRUE,66.06434874
82.1817199,11.60447786,33.14827184,0,2,FALSE,FALSE,TRUE,70.38058556
81.19783652,11.57104493,34.88488863,0,0,TRUE,FALSE,FALSE,71.00647744
98.69753041,8.127583691,37.31339697,0,0,TRUE,FALSE,FALSE,61.36494767
99.72644779,11.57945855,30.23583604,1,1,FALSE,TRUE,FALSE,60.91572673
86.73879051,10.42017195,37.07632324,1,1,FALSE,TRUE,FALSE,68.31393817
88.52327518,7.851041774,36.59123919,0,1,FALSE,TRUE,FALSE,66.29702696
98.47787772,10.85261282,35.62495034,1,2,FALSE,FALSE,TRUE,62.42709634
99.19985751,7.197947311,33.98216448,0,2,FALSE,FALSE,TRUE,60.27568307
93.86316444,6.652527283,31.91899246,0,2,FALSE,FALSE,TRUE,62.31322719
97.93883412,8.898462014,36.32183119,1,2,FALSE,FALSE,TRUE,62.05433398
81.43031944,7.183090103,35.12229336,0,2,FALSE,FALSE,TRUE,69.38253499
84.849484,8.707880702,34.30437612,1,0,TRUE,FALSE,FALSE,67.9192855
84.26812332,11.62738112,28.92520182,1,0,TRUE,FALSE,FALSE,68.30193115
91.97561348,8.201965063,30.42017339,1,1,FALSE,TRUE,FALSE,63.47701396
82.32595191,6.296266141,32.29367073,0,2,FALSE,FALSE,TRUE,68.01426465
86.70149922,9.895416178,32.32878674,0,0,TRUE,FALSE,FALSE,67.07317421
88.47323211,11.04576783,29.47160655,0,2,FALSE,FALSE,TRUE,66.27601239
82.36106265,7.053485529,34.35621535,1,1,FALSE,TRUE,FALSE,68.61210596
93.84677555,8.298966017,29.99386583,0,0,TRUE,FALSE,FALSE,62.3949718
88.46412901,9.8580781,33.49695695,0,1,FALSE,TRUE,FALSE,66.51055813
93.94843107,11.59267565,36.8050163,1,2,FALSE,FALSE,TRUE,65.22385799
98.68305577,10.83807897,32.46666493,0,0,TRUE,FALSE,FALSE,61.48703669
97.50704709,7.421893865,32.34249235,0,1,FALSE,TRUE,FALSE,60.78373247
99.22693723,6.742911563,32.53309875,1,2,FALSE,FALSE,TRUE,59.79031576
94.16915747,8.033843472,33.18199005,0,0,TRUE,FALSE,FALSE,62.76535666
90.79450817,6.956049301,34.82516989,1,2,FALSE,FALSE,TRUE,64.55019961
89.44088223,9.331899437,36.35125643,0,1,FALSE,TRUE,FALSE,66.38256995
97.18569709,11.07609079,37.61754027,0,1,FALSE,TRUE,FALSE,63.46109582
91.44352587,6.338011896,32.53704699,1,2,FALSE,FALSE,TRUE,63.52085122
93.95396731,7.280956671,34.76638227,0,0,TRUE,FALSE,FALSE,62.88867547
97.03203686,9.112441433,37.6222944,0,0,TRUE,FALSE,FALSE,62.65341702
94.22005409,8.947408859,31.81035037,1,0,TRUE,FALSE,FALSE,62.83100657
94.61487496,7.995202868,36.23465026,0,1,FALSE,TRUE,FALSE,63.23757372
99.98094032,11.10750843,36.47653916,1,1,FALSE,TRUE,FALSE,61.84784104
91.33993965,10.25255462,29.21350158,1,2,FALSE,FALSE,TRUE,64.47375234
93.11780723,9.100415239,29.51307523,1,2,FALSE,FALSE,TRUE,63.18387753
97.058412,6.012249572,36.13249668,0,0,TRUE,FALSE,FALSE,61.10219316
95.85855627,6.987656854,30.35062712,0,1,FALSE,TRUE,FALSE,61.03591003
99.27220791,8.006768964,32.70716172,1,2,FALSE,FALSE,TRUE,60.30803597
84.1251908,6.558684027,36.17805717,0,1,FALSE,TRUE,FALSE,67.89648964
97.11942411,10.71589386,36.38816271,1,2,FALSE,FALSE,TRUE,63.20427803
99.54436787,10.50770471,37.55821238,0,1,FALSE,TRUE,FALSE,62.04254043
83.87594648,10.185004,31.20930443,1,0,TRUE,FALSE,FALSE,68.37788925
89.64576194,10.57135106,29.14426837,0,0,TRUE,FALSE,FALSE,65.23451313
82.55291019,8.133344884,37.32251171,0,2,FALSE,FALSE,TRUE,69.6413852
87.39729128,6.343581393,33.76333937,1,0,TRUE,FALSE,FALSE,65.59145479
82.32764918,8.604741202,37.57053421,1,1,FALSE,TRUE,FALSE,69.89217873
96.45942355,6.146064436,31.15580599,1,0,TRUE,FALSE,FALSE,60.4598752
80.40068068,11.12598443,29.29493609,1,0,TRUE,FALSE,FALSE,70.10904065
83.36187028,9.022028397,37.8398449,1,2,FALSE,FALSE,TRUE,69.6958452
92.45965786,10.38775097,28.02424493,1,1,FALSE,TRUE,FALSE,63.63012044
93.72605017,11.0492204,29.02271281,1,1,FALSE,TRUE,FALSE,63.46120564
92.80896923,7.334568804,30.46593669,1,2,FALSE,FALSE,TRUE,62.82253024
84.26605117,7.522875328,29.43900576,1,0,TRUE,FALSE,FALSE,66.7639257
89.85382267,9.323206696,28.40523343,1,0,TRUE,FALSE,FALSE,64.48341803
95.07887881,9.737078179,28.33987648,1,2,FALSE,FALSE,TRUE,62.22336716
91.5213314,7.967903997,32.9935748,1,2,FALSE,FALSE,TRUE,64.22521086
80.06576667,10.60074695,35.66502835,1,1,FALSE,TRUE,FALSE,71.44042111
87.08152919,11.04443951,37.07779835,1,2,FALSE,FALSE,TRUE,68.49257088
88.33328613,7.496890261,31.09851855,1,0,TRUE,FALSE,FALSE,65.05181675
96.93107738,11.23038537,31.6906929,1,0,TRUE,FALSE,FALSE,62.36475404
82.12603934,11.04987041,34.78752028,0,0,TRUE,FALSE,FALSE,70.31443255
99.33464639,9.26984621,35.31693289,0,2,FALSE,FALSE,TRUE,61.30400187
82.80966175,6.213921463,28.45274965,1,0,TRUE,FALSE,FALSE,66.77128764
97.58971264,7.852143111,37.04940307,0,0,TRUE,FALSE,FALSE,61.75588154
98.70433664,6.165356138,34.83547165,0,1,FALSE,TRUE,FALSE,60.18106847
82.17174442,6.468177965,35.68296537,1,2,FALSE,FALSE,TRUE,68.83799205
99.7675379,9.418665903,32.9197859,0,1,FALSE,TRUE,FALSE,60.56765459
87.90871796,11.21906798,36.2851177,1,0,TRUE,FALSE,FALSE,67.79029175
90.9919211,8.294500882,36.83757827,0,0,TRUE,FALSE,FALSE,65.18935546
92.79799924,11.16660873,31.5481277,1,0,TRUE,FALSE,FALSE,64.37726941
88.27879884,6.840490386,30.07533529,1,1,FALSE,TRUE,FALSE,64.71186379
96.79001642,10.83065006,29.69550261,0,0,TRUE,FALSE,FALSE,61.87635234
93.39009475,6.134248009,31.31309458,1,0,TRUE,FALSE,FALSE,62.02127074
82.89017398,7.631258806,34.21892601,1,1,FALSE,TRUE,FALSE,68.55120173
89.36964385,7.655689092,36.35435317,0,2,FALSE,FALSE,TRUE,65.84832435
83.62191741,9.989788436,29.16219935,1,1,FALSE,TRUE,FALSE,68.11739654
83.6491056,7.47753888,34.9684704,0,2,FALSE,FALSE,TRUE,68.36015683
85.35022959,7.794148273,32.51135006,0,0,TRUE,FALSE,FALSE,66.94481453
88.9888808,10.64409091,37.09996038,0,1,FALSE,TRUE,FALSE,67.28318804
94.59731911,7.661002476,34.92655563,1,2,FALSE,FALSE,TRUE,62.95105256
80.95085204,9.767677624,29.76558105,1,2,FALSE,FALSE,TRUE,69.58476124
82.11634719,11.44680786,32.29625734,0,0,TRUE,FALSE,FALSE,69.97980102
92.79934707,6.076231028,32.87702456,1,0,TRUE,FALSE,FALSE,62.60622379
98.01046551,9.011533238,28.31127354,0,1,FALSE,TRUE,FALSE,60.36163525
97.21724026,10.41106895,31.44386971,1,2,FALSE,FALSE,TRUE,62.04458139
88.32137722,8.326680611,28.47441904,0,1,FALSE,TRUE,FALSE,64.96486744
96.08926025,6.034880699,30.56596062,0,0,TRUE,FALSE,FALSE,60.48251428
84.14727789,6.614529853,37.27572918,1,1,FALSE,TRUE,FALSE,68.12731883
97.09258065,10.65770954,28.5965142,0,2,FALSE,FALSE,TRUE,61.63609633
98.91757322,8.225464869,36.89084636,0,2,FALSE,FALSE,TRUE,61.40956861
88.85804636,9.526602618,31.36010272,0,0,TRUE,FALSE,FALSE,65.65363841
89.01665782,6.355537523,28.16384754,0,1,FALSE,TRUE,FALSE,63.76665561
90.65013984,10.67803377,29.13761108,0,0,TRUE,FALSE,FALSE,64.7736658
87.37455225,10.13971426,30.59278385,1,1,FALSE,TRUE,FALSE,66.58716635
93.57277567,11.79516363,32.6914436,1,1,FALSE,TRUE,FALSE,64.56996634
80.25199092,8.207058708,35.7148077,0,1,FALSE,TRUE,FALSE,70.39978956
98.42492423,11.06584747,28.64513581,0,2,FALSE,FALSE,TRUE,61.14290404
89.94984428,8.165992469,32.13484479,1,1,FALSE,TRUE,FALSE,64.81844381
92.33837567,6.176927355,37.3142155,1,2,FALSE,FALSE,TRUE,63.96442621
83.11209872,7.243668972,35.62311799,0,0,TRUE,FALSE,FALSE,68.46604183
89.72070655,8.997547722,29.93079895,1,1,FALSE,TRUE,FALSE,64.8248256
89.30237229,10.3933444,32.30563679,0,2,FALSE,FALSE,TRUE,66.16727897
97.30891359,9.256643203,29.80738656,0,2,FALSE,FALSE,TRUE,61.2096778
80.4544328,6.008629491,34.99797551,0,1,FALSE,TRUE,FALSE,69.2758305
87.64964017,10.15680258,31.29742155,0,1,FALSE,TRUE,FALSE,66.59738526
89.51905979,6.225332167,32.7742613,0,0,TRUE,FALSE,FALSE,64.28545523
99.46878619,6.949381568,33.37204941,1,2,FALSE,FALSE,TRUE,59.91976941
99.5652571,11.85593571,36.00518395,0,0,TRUE,FALSE,FALSE,62.16078252
89.86793219,6.456047445,33.09289623,1,2,FALSE,FALSE,TRUE,64.46703213
89.96922848,9.135252225,34.15954437,0,2,FALSE,FALSE,TRUE,65.70139552
86.58862541,9.80786971,29.36384232,0,1,FALSE,TRUE,FALSE,66.60160364
94.80959956,7.975537512,37.24772994,0,2,FALSE,FALSE,TRUE,63.43496121
93.64549772,10.63531263,34.21881079,0,2,FALSE,FALSE,TRUE,64.47513835
91.41469635,10.86086252,34.21685403,0,0,TRUE,FALSE,FALSE,65.48036764
85.62600081,11.43322324,37.26962737,1,1,FALSE,TRUE,FALSE,69.31421437
82.08676672,7.439663055,34.95982084,1,2,FALSE,FALSE,TRUE,69.12444603
90.94146158,11.78626445,33.63382032,0,2,FALSE,FALSE,TRUE,66.17053905
89.64625756,9.035702317,31.89717423,0,0,TRUE,FALSE,FALSE,65.17058699
82.42969886,9.238914133,33.45434215,1,1,FALSE,TRUE,FALSE,69.27158465
87.52919558,8.313929249,35.86202845,1,1,FALSE,TRUE,FALSE,66.8333796
97.12469808,10.57047848,30.06746365,1,1,FALSE,TRUE,FALSE,61.77933508
90.08060402,11.92189566,37.75733511,0,1,FALSE,TRUE,FALSE,67.37992328
82.61562609,9.532862672,33.84411415,0,1,FALSE,TRUE,FALSE,69.37415485
85.26832041,9.518446829,30.64774255,0,2,FALSE,FALSE,TRUE,67.50276704
91.59936337,7.083847892,34.7757202,0,0,TRUE,FALSE,FALSE,63.98900151
92.5758338,6.865417369,36.71853851,1,0,TRUE,FALSE,FALSE,63.80195775
93.41106591,8.423555095,36.66290755,1,2,FALSE,FALSE,TRUE,64.19647059
82.0026696,8.296444873,35.11598925,0,1,FALSE,TRUE,FALSE,69.440441
97.22236035,9.583317339,34.7078835,1,2,FALSE,FALSE,TRUE,62.36372346
87.36849513,9.36933817,32.32177937,1,1,FALSE,TRUE,FALSE,66.62784358
99.4592837,6.328593269,34.44385405,0,1,FALSE,TRUE,FALSE,59.79056627
94.24605677,8.303068964,30.63993142,1,1,FALSE,TRUE,FALSE,62.42618548
88.61171895,8.540318456,31.13817378,1,0,TRUE,FALSE,FALSE,65.33790266
99.29733864,9.152117496,30.18850044,0,1,FALSE,TRUE,FALSE,60.14987777
93.49417692,7.62007638,30.53207248,0,0,TRUE,FALSE,FALSE,62.40735659
82.24554236,6.952865995,35.72845649,0,2,FALSE,FALSE,TRUE,69.00406652
84.07748427,9.72049935,28.43687775,1,0,TRUE,FALSE,FALSE,67.53683316
87.72620463,11.29988476,36.73822345,1,2,FALSE,FALSE,TRUE,68.20449628
81.42777649,7.757073632,30.80283871,1,1,FALSE,TRUE,FALSE,68.64950895
80.73018649,11.8175275,31.20031919,1,0,TRUE,FALSE,FALSE,70.60198159
81.25872627,11.1400876,35.25253472,0,1,FALSE,TRUE,FALSE,70.97717885
97.10872934,10.08191696,30.68427876,0,1,FALSE,TRUE,FALSE,61.71525787
93.38568789,11.26078999,29.22318793,0,2,FALSE,FALSE,TRUE,63.85610964
99.04911853,7.996983413,34.37852785,0,1,FALSE,TRUE,FALSE,60.64993967
88.53426494,7.382075979,33.88173149,0,1,FALSE,TRUE,FALSE,65.56204422
82.68383786,9.069165722,37.76472501,0,2,FALSE,FALSE,TRUE,70.03869236
89.85071271,8.893044797,36.73890258,0,2,FALSE,FALSE,TRUE,66.17964208
